,번호,개방서비스명,개방서비스아이디,개방자치단체코드,관리번호,인허가일자,인허가취소일자,영업상태구분코드,영업상태명,상세영업상태코드,상세영업상태명,폐업일자,휴업시작일자,휴업종료일자,재개업일자,소재지전화,소재지면적,소재지우편번호,소재지전체주소,도로명전체주소,도로명우편번호,사업장명,최종수정시점,데이터갱신구분,데이터갱신일자,업태구분명,좌표정보(x),좌표정보(y),환경업무구분명,업종구분명,종별명,주생산품명,배출시설조업시간,배출시설연간가동일수,방지시설조업시간,방지시설연간가동일수,사업자등록번호,Unnamed: 37,lat,lon
108,109,수질오염원설치시설(기타),09_30_12_P,3530000,353000025202300003,2023-07-18,,1,영업/정상,11,영업,,,,,0324649000,,,인천광역시 남동구 구월동 620-19,"인천광역시 남동구 인주대로 806 (구월동, 아나벨빌딩)",405-832,봄날요양병원,2023-07-18 09:03:05,I,2023-07-20 00:18:54,,175741.487267268,438510.368353538,기타수질오염원관리,,,,,0,,0,1229181989.0,,126.726641338641,37.4484270033414
1545,1546,수질오염원설치시설(기타),09_30_12_P,3530000,353000025202100084,2021-12-23,,1,영업/정상,11,영업,,,,,,,,인천광역시 남동구 고잔동 333,인천광역시 남동구 앵고개로 688 (고잔동),21682,진영모터스,2022-02-03 17:45:18,I,2022-02-08 00:22:38,,174622.454279144,431878.365239165,기타수질오염원관리,,,,,0,,0,,,126.714199547816,37.3886481627251
3471,3472,수질오염원설치시설(기타),09_30_12_P,3530000,353000025200600029,2006-12-14,,1,영업/정상,11,영업,,,,,,,405-230,인천광역시 남동구 간석동 617-28,인천광역시 남동구 석정로497번길 57  (간석동),,파워프린트,2006-12-14 11:56:16,I,2021-12-16 00:22:43,,172665.363142446,440733.527432429,기타수질오염원관리,,,,,0,,0,,,126.691802354824,37.4683684681769
3472,3473,수질오염원설치시설(기타),09_30_12_P,3530000,353000025200700004,2007-01-08,,1,영업/정상,11,영업,,,,,,,405-220,인천광역시 남동구 구월동 1262-10,,,새솜재활의학과의원,2007-01-08 15:24:30,I,2021-12-16 00:22:43,,,,기타수질오염원관리,,,,,0,,0,,,126.722297243549,37.454613667579
3473,3474,수질오염원설치시설(기타),09_30_12_P,3530000,353000025200700005,2007-01-24,,1,영업/정상,11,영업,,,,,,,405-230,인천광역시 남동구 간석동 893-1   온누리상가 3층,,,맹소아과,2007-01-24 10:52:03,I,2021-12-16 00:22:43,,,,기타수질오염원관리,,,,,0,,0,,,126.694485315247,37.4668048887815
3474,3475,수질오염원설치시설(기타),09_30_12_P,3530000,353000025200700006,2005-09-09,,1,영업/정상,11,영업,,,,,0328764483,,,인천광역시 남동구 간석동 616-79,"인천광역시 남동구 경원대로 933, 5층 (간석동)",,화인팩키지,2022-04-25 16:18:54,U,2022-04-27 02:40:00,,172489.633376139,440479.321628246,기타수질오염원관리,,,,,0,,0,2011572514.0,,126.689818678984,37.466075889591
3475,3476,수질오염원설치시설(기타),09_30_12_P,3530000,353000025200700007,2007-01-31,,1,영업/정상,11,영업,,,,,0325057935,,,인천광역시 남동구 간석동 768-14,인천광역시 남동구 경인로 764  (간석동),,대현의원,2009-06-12 11:49:35,I,2021-12-16 00:22:43,,174335.125771527,441777.943920882,기타수질오염원관리,,,,,0,,0,1309186044.0,,126.710634100132,37.4778295371007
3476,3477,수질오염원설치시설(기타),09_30_12_P,3530000,353000025200700008,2007-02-09,,1,영업/정상,11,영업,,,,,,,405-310,인천광역시 남동구 고잔동 326,인천광역시 남동구 앵고개로697번길 17-19  (고잔동),,풍림자동차,2007-02-09 11:08:27,I,2021-12-16 00:22:43,,174680.907732233,431923.765895856,기타수질오염원관리,,,,,0,,0,,,126.714892051615,37.3890776387277
3477,3478,수질오염원설치시설(기타),09_30_12_P,3530000,353000025200700010,2007-02-15,,1,영업/정상,11,영업,,,,,,,,인천광역시 남동구 서창동 542-6 1층,"인천광역시 남동구 독곡로 40  (서창동,1층)",,서창사진관,2009-06-09 11:08:32,I,2021-12-16 00:22:43,,177669.536509678,437010.405690313,기타수질오염원관리,,,,,0,,0,,,126.748475959691,37.4349618283402
3478,3479,수질오염원설치시설(기타),09_30_12_P,3530000,353000025200700011,2007-03-09,,1,영업/정상,11,영업,,,,,,,405-220,인천광역시 남동구 구월동 279-3,,,우리의원,2007-03-09 13:37:19,I,2021-12-16 00:22:43,,,,기타수질오염원관리,,,,,0,,0,,,126.710851416473,37.4491464573554
3479,3480,수질오염원설치시설(기타),09_30_12_P,3530000,353000025200700012,2007-03-20,,1,영업/정상,11,영업,,,,,,,405-220,"인천광역시 남동구 구월동 1264-76   2,4,5,6층",,,동서재활의학과의원,2007-03-20 13:28:36,I,2021-12-16 00:22:43,,,,기타수질오염원관리,,,,,0,,0,,,,
3480,3481,수질오염원설치시설(기타),09_30_12_P,3530000,353000025200700013,2007-03-28,,1,영업/정상,11,영업,,,,,,,405-100,"인천광역시 남동구 남촌동 336 2,3층","인천광역시 남동구 남촌동로35번길 4  (남촌동,2,3층)",,남촌굿모닝의원,2007-03-28 09:43:09,I,2021-12-16 00:22:43,,174670.999482748,436676.299841841,기타수질오염원관리,,,,,0,,0,,,,
3481,3482,수질오염원설치시설(기타),09_30_12_P,3530000,353000025200700014,2007-04-18,,1,영업/정상,11,영업,,,,,4631032,,,인천광역시 남동구 만수동 967-13,인천광역시 남동구 소래로669번길 38 (만수동),405-241,닥터오메디컬의원,2012-12-04 10:53:22,I,2021-12-16 00:22:43,,176233.001074158,438698.018507361,기타수질오염원관리,,,,,0,,0,1399019322.0,,126.732189899653,37.4501304540777
3482,3483,수질오염원설치시설(기타),09_30_12_P,3530000,353000025200700015,2007-05-01,,1,영업/정상,11,영업,,,,,,,,인천광역시 남동구 만수동 68-7,인천광역시 남동구 만수로 78  (만수동),,제일메디칼의원,2009-08-24 18:29:24,I,2021-12-16 00:22:43,,176590.690847714,440024.922377564,기타수질오염원관리,,,,,0,,0,1379603049.0,,126.736190055387,37.4620949566871
3483,3484,수질오염원설치시설(기타),09_30_12_P,3530000,353000025200700017,2007-05-10,,1,영업/정상,11,영업,,,,,,,405-310,인천광역시 남동구 고잔동 제3경인고속도로접속부,,,(주)대우건설,2007-05-10 10:36:34,I,2021-12-16 00:22:43,,,,기타수질오염원관리,,,,,0,,0,,,,
3484,3485,수질오염원설치시설(기타),09_30_12_P,3530000,353000025200700019,2007-06-28,,1,영업/정상,11,영업,,,,,4627507,,,인천광역시 남동구 만수동 1041-5,인천광역시 남동구 장승남로 46 (만수동),,이레마취통증의학과의원,2016-02-01 18:05:21,I,2021-12-16 00:22:43,,176679.339600887,437930.393881467,기타수질오염원관리,,,,,0,,0,1349148571.0,,126.737258436172,37.443225574127
3485,3486,수질오염원설치시설(기타),09_30_12_P,3530000,353000025200700020,2007-06-29,,1,영업/정상,11,영업,,,,,032-582-2131,,,인천광역시 남동구 간석동 616-89,인천광역시 남동구 방축로 400 (간석동),21500,주식회사 카반오토,2021-07-19 09:49:26,I,2021-12-16 00:22:43,,172196.099108329,441073.159979184,기타수질오염원관리,,,,,0,,0,8888800878.0,,126.686478251822,37.4714175261104
3486,3487,수질오염원설치시설(기타),09_30_12_P,3530000,353000025200300001,2003-01-10,,1,영업/정상,11,영업,,,,,,,405-310,인천광역시 남동구 고잔동 512-12,,,사단법인 경찰공제회,2003-01-10 09:59:54,I,2021-12-16 00:22:43,사진 처리업,,,기타수질오염원관리,사진 처리업,,,,0,,0,1398202020.0,,126.709038948551,37.3844011424339
3487,3488,수질오염원설치시설(기타),09_30_12_P,3530000,353000025200300002,2003-01-10,,1,영업/정상,11,영업,,,,,,,,인천광역시 남동구 고잔동 512-12,,,사단법인 경찰공제회,2020-02-28 13:51:12,I,2021-12-16 00:22:43,,174161.63337982,431408.786914697,기타수질오염원관리,,,,,0,,0,1398202020.0,,126.709038948551,37.3844011424339
4154,4155,수질오염원설치시설(기타),09_30_12_P,3530000,353000025200300007,2003-10-23,,1,영업/정상,11,영업,,,,,,,405-310,인천광역시 남동구 고잔동 132-2,,,오토라인,2003-10-23 16:47:53,I,2021-12-16 00:22:43,,,,기타수질오염원관리,,,수리된 자동차,,0,,0,1311750272.0,,126.717056235229,37.3979940095303
4155,4156,수질오염원설치시설(기타),09_30_12_P,3530000,353000025200300008,2003-10-27,,1,영업/정상,11,영업,,,,,,,405-310,인천광역시 남동구 고잔동 369,인천광역시 남동구 고잔로 66  (고잔동),,고잔공업사,2003-10-27 18:11:45,I,2021-12-16 00:22:43,,174842.321334591,432128.296911034,기타수질오염원관리,,,,,0,,0,,,126.716713932403,37.3908808135796
4156,4157,수질오염원설치시설(기타),09_30_12_P,3530000,353000025200300009,2003-11-05,,1,영업/정상,11,영업,,,,,032 5250777,,405-230,인천광역시 남동구 간석동 768-14,,,위생의원,2003-11-05 14:21:39,I,2021-12-16 00:22:43,병원,,,기타수질오염원관리,병원,,,,0,,0,3109602363.0,,126.710634100132,37.4778295371007
4157,4158,수질오염원설치시설(기타),09_30_12_P,3530000,353000025200300010,2003-11-06,,1,영업/정상,11,영업,,,,,,,405-240,인천광역시 남동구 만수동 885-15,,,신중앙사진관,2003-11-06 16:14:06,I,2021-12-16 00:22:43,사진 처리업,,,기타수질오염원관리,사진 처리업,,,,0,,0,1311292511.0,,126.730323981149,37.455339729552
4158,4159,수질오염원설치시설(기타),09_30_12_P,3530000,353000025200300013,2003-12-27,,1,영업/정상,11,영업,,,,,,,405-220,인천광역시 남동구 구월동 1204-1,,,장혜숙내과,2003-12-27 10:37:23,I,2021-12-16 00:22:43,병원,,,기타수질오염원관리,병원,,,,0,,0,1399600562.0,,126.710086454907,37.4511030202732
4159,4160,수질오염원설치시설(기타),09_30_12_P,3530000,353000025200300014,2003-12-27,,1,영업/정상,11,영업,,,,,,,405-220,인천광역시 남동구 구월동 1173-22,,,서울예항외과,2003-12-27 10:40:47,I,2021-12-16 00:22:43,병원,,,기타수질오염원관리,병원,,,,0,,0,1319103065.0,,126.703632232268,37.44403110456
4160,4161,수질오염원설치시설(기타),09_30_12_P,3530000,353000025200300015,2004-01-08,,1,영업/정상,11,영업,,,,,,,405-240,인천광역시 남동구 만수동 888-3,,,우리가정의원,2004-01-08 13:21:51,I,2021-12-16 00:22:43,일반 의원,,,기타수질오염원관리,일반 의원,,,,0,,0,3029008684.0,,126.728040082823,37.4555130761074
4161,4162,수질오염원설치시설(기타),09_30_12_P,3530000,353000025200300016,2004-01-16,,1,영업/정상,11,영업,,,,,,,405-220,인천광역시 남동구 구월동 1265-5,,,구월연세소아과,2004-01-16 11:19:53,I,2021-12-16 00:22:43,,,,기타수질오염원관리,,,,,0,,0,1399021226.0,,126.719408683204,37.453426341034
4162,4163,수질오염원설치시설(기타),09_30_12_P,3530000,353000025200300017,2004-01-19,,1,영업/정상,11,영업,,,,,,,405-220,인천광역시 남동구 구월동 1301-7,,,미가스튜디오,2004-01-19 13:26:56,I,2021-12-16 00:22:43,,,,기타수질오염원관리,,,,,0,,0,,,126.724401552996,37.4511094276019
4163,4164,수질오염원설치시설(기타),09_30_12_P,3530000,353000025200300018,2004-07-20,,1,영업/정상,11,영업,,,,,,,405-220,인천광역시 남동구 구월동 1265-5,,,구월연세소아과,2004-07-20 13:49:24,I,2021-12-16 00:22:43,,,,기타수질오염원관리,,,,,0,,0,,,126.719408683204,37.453426341034
4164,4165,수질오염원설치시설(기타),09_30_12_P,3530000,353000025200400001,2004-02-06,,1,영업/정상,11,영업,,,,,,,405-300,인천광역시 남동구 논현동 논현동 택지개발지구내 14블럭,,,남양건설(주),2004-02-06 16:36:04,I,2021-12-16 00:22:43,,,,기타수질오염원관리,,,,,0,,0,,,,
4165,4166,수질오염원설치시설(기타),09_30_12_P,3530000,353000025200400003,2004-02-17,,1,영업/정상,11,영업,,,,,,,405-230,인천광역시 남동구 간석동 138-1,,,연광종합건설(주),2004-02-18 10:51:44,I,2021-12-16 00:22:43,,,,기타수질오염원관리,,,,,0,,0,,,126.714270991927,37.4614655440453
4166,4167,수질오염원설치시설(기타),09_30_12_P,3530000,353000025200400004,2004-02-26,,1,영업/정상,11,영업,,,,,,,405-310,인천광역시 남동구 고잔동 264-12,,,아이스카니아(주),2004-02-26 16:23:30,I,2021-12-16 00:22:43,자동차 수리업,,,기타수질오염원관리,자동차 수리업,,,,0,,0,,,,
4167,4168,수질오염원설치시설(기타),09_30_12_P,3530000,353000025200400005,2004-03-06,,1,영업/정상,11,영업,,,,,,,,인천광역시 남동구 구월동 279-3,,,우리의원,2009-11-05 11:54:15,I,2021-12-16 00:22:43,,,,기타수질오염원관리,,,,,0,,0,1319107585.0,,126.710851416473,37.4491464573554
4168,4169,수질오염원설치시설(기타),09_30_12_P,3530000,353000025200300065,2003-12-05,,1,영업/정상,11,영업,,,,,032465 0500,,,인천광역시 남동구 만수동 983-4,,,박재홍내과의원,2015-09-03 16:31:48,I,2021-12-16 00:22:43,,176317.694316541,438530.197619448,기타수질오염원관리,,,,,0,,0,1399601576.0,,126.733152493171,37.4486205542375
4169,4170,수질오염원설치시설(기타),09_30_12_P,3530000,353000025200300050,2003-12-05,,1,영업/정상,11,영업,,,,,4632407,,,인천광역시 남동구 만수동 1042 광명상가 101-1호,인천광역시 남동구 담방로 29 (만수동),405-240,뉴서울17분스튜디오,2012-10-17 09:32:54,I,2021-12-16 00:22:43,,176690.0,437822.791967025,기타수질오염원관리,,,,,0,,0,1390427038.0,,126.737382285635,37.4422563600482
4170,4171,수질오염원설치시설(기타),09_30_12_P,3530000,353000025200700028,2007-12-24,,1,영업/정상,11,영업,,,,,,,,"인천광역시 남동구 만수동 908-18 신태양빌딩 4,5층","인천광역시 남동구 구월로 305  (만수동,신태양빌딩 4,5층)",,고려요양병원,2009-09-07 12:18:42,I,2021-12-16 00:22:43,,175573.132130888,439336.81826369,기타수질오염원관리,,,,,0,,0,,,126.724711403399,37.4558688366981
4171,4172,수질오염원설치시설(기타),09_30_12_P,3530000,353000025200700029,2007-12-24,,1,영업/정상,11,영업,,,,,,,,"인천광역시 남동구 만수동 908-18 신태양빌딩 4,5층","인천광역시 남동구 구월로 305  (만수동,신태양빌딩 4,5층)",,고려요양병원,2009-12-22 16:55:46,I,2021-12-16 00:22:43,,175573.132130888,439336.81826369,기타수질오염원관리,,,,,0,,0,,,126.724711403399,37.4558688366981
5853,5854,수질오염원설치시설(기타),09_30_12_P,3530000,353000025200700025,2007-09-17,,1,영업/정상,11,영업,,,,,,,,인천광역시 남동구 구월동 1200-2 퍼스트플라자 3층,"인천광역시 남동구 구월남로 190  (구월동,퍼스트플라자 3층)",,이한진가정의원,2007-09-17 17:57:45,I,2021-12-16 00:22:43,,174332.783666177,438983.629044684,기타수질오염원관리,,,,,0,,0,,,126.710705122996,37.4526529227484
5854,5855,수질오염원설치시설(기타),09_30_12_P,3530000,353000025200700026,2007-11-01,,1,영업/정상,11,영업,,,,,0324217588,,,인천광역시 남동구 간석동 193-1 1층,"인천광역시 남동구 석산로169번길 17 (간석동,1층)",,간석굿모닝의원,2023-04-19 17:59:47,U,2023-04-21 02:40:00,,174329.518333394,439951.126238927,기타수질오염원관리,,,,,0,,0,1319148325.0,,126.710634691838,37.4613707397501
5855,5856,수질오염원설치시설(기타),09_30_12_P,3530000,353000025200700023,2007-08-14,,1,영업/정상,11,영업,,,,,,,,인천광역시 남동구 구월동 1135,인천광역시 남동구 정각로 2 (구월동),,21세기병원,2014-10-16 13:35:35,I,2021-12-16 00:22:43,,173579.941731897,439238.699289986,기타수질오염원관리,,,,,0,,0,1319138282.0,,126.702187654842,37.4549298824863
5856,5857,수질오염원설치시설(기타),09_30_12_P,3530000,353000025200900018,2009-07-23,,1,영업/정상,11,영업,,,,,0324210016,,,인천광역시 남동구 논현동 24블럭 4롯트 소래타워 7층,,,소래우리정형외과의원,2009-07-23 15:45:55,I,2021-12-16 00:22:43,,,,기타수질오염원관리,,,,,0,,0,2109613105.0,,,
5857,5858,수질오염원설치시설(기타),09_30_12_P,3530000,353000025200900019,2009-07-23,,1,영업/정상,11,영업,,,,,0324421010,,,인천광역시 남동구 논현동 636-3 명진프라자 5층,"인천광역시 남동구 호구포로 220  (논현동,명진프라자 5층)",,서울성모정형외과의원,2009-07-23 15:49:04,I,2021-12-16 00:22:43,,174283.497054239,433404.094788074,기타수질오염원관리,,,,,0,,0,1319170846.0,,126.710343162014,37.4023808517775
5858,5859,수질오염원설치시설(기타),09_30_12_P,3530000,353000025200900022,2009-10-01,,1,영업/정상,11,영업,,,,,0324630025,,,인천광역시 남동구 구월동 1265-6,인천광역시 남동구 호구포로 794-1  (구월동),,연세똘똘이소아청소년과의원,2009-10-01 15:20:02,I,2021-12-16 00:22:43,,175095.831114533,439044.483519341,기타수질오염원관리,,,,,0,,0,1319172072.0,,126.719326716193,37.4532221576399
5859,5860,수질오염원설치시설(기타),09_30_12_P,3530000,353000025200900023,2009-10-12,,1,영업/정상,11,영업,,,,,0324690075,,,인천광역시 남동구 구월동 1241-16,인천광역시 남동구 구월로 223  (구월동),,다니엘내과의원,2009-10-12 18:18:22,I,2021-12-16 00:22:43,,174770.553372059,439411.376962797,기타수질오염원관리,,,,,0,,0,1319173329.0,,126.715637959319,37.4565189655164
5860,5861,수질오염원설치시설(기타),09_30_12_P,3530000,353000025200300028,2003-12-05,,1,영업/정상,11,영업,,,,,0324232313,,,인천광역시 남동구 간석동 915-3,인천광역시 남동구 호구포로 885 (간석동),,최내과의원,2023-04-03 17:41:55,U,2023-04-05 02:40:00,,175148.341359357,439974.319655739,기타수질오염원관리,,,,,0,,0,1399019467.0,,126.719888814116,37.461601350705
5861,5862,수질오염원설치시설(기타),09_30_12_P,3530000,353000025200300072,2003-12-05,,1,영업/정상,11,영업,,,,,0324236661,,,인천광역시 남동구 간석동 170-23,,,새인천병원,2009-10-20 19:21:17,I,2021-12-16 00:22:43,,174406.183358627,440347.566983062,기타수질오염원관리,,,,,0,,0,1399600112.0,,126.711487232099,37.4649439724442
5862,5863,수질오염원설치시설(기타),09_30_12_P,3530000,353000025200900024,2009-11-23,,1,영업/정상,11,영업,,,,,0324377585,,,인천광역시 남동구 논현동 109-35 송원빌딩 2~4층,"인천광역시 남동구 포구로 75  (논현동,송원빌딩 2~4층)",,소래중앙메디칼의원,2010-05-18 09:41:26,I,2021-12-16 00:22:43,,176533.879220791,433700.06286111,기타수질오염원관리,,,,,0,,0,1299098387.0,,126.73574935818,37.4051065644028
5863,5864,수질오염원설치시설(기타),09_30_12_P,3530000,353000025200900009,2009-04-13,,1,영업/정상,11,영업,,,,,0324346002,,,인천광역시 남동구 구월동 1149-5,인천광역시 남동구 남동대로 737  (구월동),,소망동물병원,2009-04-13 10:39:43,I,2021-12-16 00:22:43,,174012.687548593,438486.444074092,기타수질오염원관리,,,,,0,,0,1312917825.0,,126.707105147181,37.4481643210985
5864,5865,수질오염원설치시설(기타),09_30_12_P,3530000,353000025200900015,2009-06-23,,1,영업/정상,11,영업,,,,,0328634112,,,인천광역시 남동구 간석동 616-61,인천광역시 남동구 염전로425번길 17  (간석동),,한라자동차공업사,2009-06-23 16:41:45,I,2021-12-16 00:22:43,,172269.929954754,440899.629208643,기타수질오염원관리,,,,,0,,0,,,126.68731960233,37.4698558774597
5865,5866,수질오염원설치시설(기타),09_30_12_P,3530000,353000025200900003,2009-02-26,,1,영업/정상,11,영업,,,,,,,,"인천광역시 남동구 구월동 1205 5,6층","인천광역시 남동구 인주대로 655  (구월동,5,6층)",,한미오토모티브(주),2009-02-26 11:05:17,I,2021-12-16 00:22:43,,174251.602375886,438676.512225982,기타수질오염원관리,,,,,0,,0,1318536513.0,,,
5866,5867,수질오염원설치시설(기타),09_30_12_P,3530000,353000025200900005,2009-03-10,,1,영업/정상,11,영업,,,,,4663577,,,인천광역시 남동구 구월동 23 힐캐슬프라자 2층,,,디지탈포토,2009-03-10 19:53:08,I,2021-12-16 00:22:43,,174431.49712362,439194.306759719,기타수질오염원관리,,,,,0,,0,1390392852.0,,126.711813429451,37.4545538788426
5922,5923,수질오염원설치시설(기타),09_30_12_P,3530000,353000025200500012,2005-05-17,,1,영업/정상,11,영업,,,,,0324658487,,,인천광역시 남동구 만수동 916-1,인천광역시 남동구 구월로 312  (만수동),,그린의원,2009-09-28 11:58:29,I,2021-12-16 00:22:43,,175630.7335792,439271.886219235,기타수질오염원관리,,,,,0,,0,1319137100.0,,126.72536477145,37.455286141835
5923,5924,수질오염원설치시설(기타),09_30_12_P,3530000,353000025200500014,2005-05-18,,1,영업/정상,11,영업,,,,,,,,인천광역시 남동구 간석동 432-5,,,김세중신경외과,2016-02-01 18:04:28,I,2021-12-16 00:22:43,,173734.509178032,440281.108742465,기타수질오염원관리,,,,,0,,0,,,126.703897351415,37.464326297719
5924,5925,수질오염원설치시설(기타),09_30_12_P,3530000,353000025200500015,2005-05-18,,1,영업/정상,11,영업,,,,,,,405-230,인천광역시 남동구 간석동 113-8,,,아상권정형외과,2005-05-18 10:25:16,I,2021-12-16 00:22:43,,,,기타수질오염원관리,,,,,0,,0,,,126.709782094198,37.4665772895731
5925,5926,수질오염원설치시설(기타),09_30_12_P,3530000,353000025200500018,2005-06-16,,1,영업/정상,11,영업,,,,,,,405-240,인천광역시 남동구 만수동 1089-7,,,남동고려정형외과의원,2005-06-16 17:11:16,I,2021-12-16 00:22:43,,,,기타수질오염원관리,,,,,0,,0,,,126.737745812929,37.4454944140127
5926,5927,수질오염원설치시설(기타),09_30_12_P,3530000,353000025200600001,2006-06-23,,1,영업/정상,11,영업,,,,,,,405-310,인천광역시 남동구 고잔동 1089-7,,,만수우리들의원,2006-06-23 14:58:29,I,2021-12-16 00:22:43,,,,기타수질오염원관리,,,,,0,,0,,,,
5927,5928,수질오염원설치시설(기타),09_30_12_P,3530000,353000025200600002,2006-06-23,,1,영업/정상,11,영업,,,,,,,,인천광역시 남동구 만수동 1089-7,,,만수우리들의원,2009-12-14 19:55:36,I,2021-12-16 00:22:43,,176789.957425406,438232.97500161,기타수질오염원관리,,,,,0,,0,,,126.737745812929,37.4454944140127
5928,5929,수질오염원설치시설(기타),09_30_12_P,3530000,353000025200600004,2006-06-28,,1,영업/정상,11,영업,,,,,,,405-865,인천광역시 남동구 만수동 956-6,,,미추홀의료재단,2006-06-28 18:23:29,I,2021-12-16 00:22:43,,,,기타수질오염원관리,,,,,0,,0,,,126.73369628166,37.4543020243159
5929,5930,수질오염원설치시설(기타),09_30_12_P,3530000,353000025200600005,2006-06-28,,1,영업/정상,11,영업,,,,,,,405-865,인천광역시 남동구 만수동 956-6,,,인하메디스의원,2006-06-28 18:27:59,I,2021-12-16 00:22:43,,,,기타수질오염원관리,,,,,0,,0,,,126.73369628166,37.4543020243159
5930,5931,수질오염원설치시설(기타),09_30_12_P,3530000,353000025200600009,2006-08-16,,1,영업/정상,11,영업,,,,,0324698240,,,인천광역시 남동구 고잔동 669-11 네오세미테크,"인천광역시 남동구 남동대로156번길 47, 네오세미테크 (고잔동)",21690,코스텍기술(주),2023-05-04 16:30:29,U,2023-05-07 02:40:00,,173071.964191632,432996.915267732,기타수질오염원관리,,,,,0,,0,1148176375.0,,126.696763876568,37.3995220247944
5931,5932,수질오염원설치시설(기타),09_30_12_P,3530000,353000025200600013,2006-10-17,,1,영업/정상,11,영업,,,,,,,405-220,"인천광역시 남동구 구월동 1174-6   ,7",,,경동석유산업(주),2006-10-17 18:03:33,I,2021-12-16 00:22:43,,,,기타수질오염원관리,,,,,0,,0,,,,
5932,5933,수질오염원설치시설(기타),09_30_12_P,3530000,353000025200600016,2006-11-03,,1,영업/정상,11,영업,,,,,0324667582,,,인천광역시 남동구 만수동 1079,인천광역시 남동구 장승로 18  (만수동),,참조은의원,2011-10-31 16:24:11,I,2021-12-16 00:22:43,,176446.313014258,438237.972245435,기타수질오염원관리,,,,,0,,0,2099071802.0,,126.734615341463,37.4459909118251
5933,5934,수질오염원설치시설(기타),09_30_12_P,3530000,353000025200600017,2006-11-08,,1,영업/정상,11,영업,,,,,,,405-240,인천광역시 남동구 만수동 922-1,,,주형스튜디오,2006-11-08 17:12:32,I,2021-12-16 00:22:43,,,,기타수질오염원관리,,,,,0,,0,,,126.727720515141,37.4534390252259
5934,5935,수질오염원설치시설(기타),09_30_12_P,3530000,353000025200600018,2006-11-16,,1,영업/정상,11,영업,,,,,,,405-240,인천광역시 남동구 만수동 908-18  신태양빌딩4층,,,고려메디스의원,2006-11-16 15:55:53,I,2021-12-16 00:22:43,,,,기타수질오염원관리,,,,,0,,0,,,126.724711403399,37.4558688366981
5935,5936,수질오염원설치시설(기타),09_30_12_P,3530000,353000025200600021,2006-11-27,,1,영업/정상,11,영업,,,,,,,,인천광역시 남동구 구월동 1195-12,인천광역시 남동구 인주대로 651  (구월동),,한성자동차(주)인천지점,2011-12-13 11:41:15,I,2021-12-16 00:22:43,,174205.828828742,438679.790659077,기타수질오염원관리,,,,,0,,0,,,126.709280969327,37.4499117976955
6384,6385,수질오염원설치시설(기타),09_30_12_P,3530000,353000025200600022,2006-12-01,,1,영업/정상,11,영업,,,,,,,405-220,인천광역시 남동구 구월동 7-13  2층,,,용천의원,2006-12-01 11:44:45,I,2021-12-16 00:22:43,,,,기타수질오염원관리,,,,,0,,0,,,126.716068161578,37.4605757141893
6385,6386,수질오염원설치시설(기타),09_30_12_P,3530000,353000025200600023,2006-12-06,,1,영업/정상,11,영업,,,,,,,405-220,인천광역시 남동구 구월동 279-3   304호,,,우리의원,2006-12-06 11:03:49,I,2021-12-16 00:22:43,,,,기타수질오염원관리,,,,,0,,0,,,126.710851416473,37.4491464573554
6386,6387,수질오염원설치시설(기타),09_30_12_P,3530000,353000025200600026,2006-12-08,,1,영업/정상,11,영업,,,,,,,,"인천광역시 남동구 고잔동 160-1 ,161-3","인천광역시 남동구 고잔로 1  (고잔동,,161-3)",,인천현대공업사,2007-12-03 10:19:01,I,2021-12-16 00:22:43,,174748.816207273,432690.501208268,기타수질오염원관리,,,,,0,,0,,,,
6387,6388,수질오염원설치시설(기타),09_30_12_P,3530000,353000025202100064,2021-07-05,,1,영업/정상,11,영업,,,,,032-469-6589,,,인천광역시 남동구 만수동 1120-2,"인천광역시 남동구 만수서로 74, 1층 (만수동)",21524,눈&눈안경,2021-07-05 08:41:34,I,2021-12-16 00:22:43,,176414.027762371,439968.269579647,기타수질오염원관리,,,,,0,,0,1313699301.0,,126.734195051656,37.4615799742756
6388,6389,수질오염원설치시설(기타),09_30_12_P,3530000,353000025202100066,2021-07-05,,1,영업/정상,11,영업,,,,,,,,인천광역시 남동구 구월동 343-3,인천광역시 남동구 구월로 277 (구월동),21542,안경만들기 구월점,2021-07-05 08:41:41,I,2021-12-16 00:22:43,,175278.994293254,439368.004993806,기타수질오염원관리,,,,,0,,0,1312952313.0,,126.72137738213,37.4561023139037
6389,6390,수질오염원설치시설(기타),09_30_12_P,3530000,353000025202100079,2021-07-10,,1,영업/정상,11,영업,,,,,032-467-0025,,,인천광역시 남동구 만수동 910-4,인천광역시 남동구 구월로 308 (만수동),21535,글라스월드안경(인천만수점),2021-07-10 14:55:30,I,2021-12-16 00:22:43,,175582.780381232,439276.400420895,기타수질오염원관리,,,,,0,,0,2993000233.0,,126.724822464016,37.4553247049987
6390,6391,수질오염원설치시설(기타),09_30_12_P,3530000,353000025202100005,2021-04-13,,1,영업/정상,11,영업,,,,,032-423-3393,,,인천광역시 남동구 논현동 616-1 논현프라자 101호,"인천광역시 남동구 논고개로 120, 논현프라자 101호 (논현동)",21666,밝은눈안경,2021-04-13 16:21:07,I,2021-12-16 00:22:43,,175530.70519076,433360.171033601,기타수질오염원관리,,,,,0,,0,2047100164.0,,126.724430662032,37.4020189764252
6391,6392,수질오염원설치시설(기타),09_30_12_P,3530000,353000025202000004,2020-04-21,,1,영업/정상,11,영업,,,,,032-466-7700,,,인천광역시 남동구 고잔동 246-129,인천광역시 남동구 논현고잔로135번길 30-3 (고잔동),21686,주식회사 더블케이모터스,2020-06-26 13:47:17,I,2021-12-16 00:22:43,,174382.435477556,432640.695096161,기타수질오염원관리,,,,,0,,0,1378801707.0,,126.711486862505,37.3955045516462
6392,6393,수질오염원설치시설(기타),09_30_12_P,3530000,353000025202000003,2020-02-28,,1,영업/정상,11,영업,,,,,,,,인천광역시 남동구 간석동 616-93,인천광역시 남동구 방축로 408 (간석동),21500,(주)인천차,2020-02-28 17:21:14,I,2021-12-16 00:22:43,,172267.742706739,441022.29515322,기타수질오염원관리,,,,,0,,0,1328701423.0,,126.687290127236,37.470961425307
6963,6964,수질오염원설치시설(기타),09_30_12_P,3530000,353000025200300003,2003-06-27,,1,영업/정상,11,영업,,,,,,,,인천광역시 남동구 간석동 616-104,인천광역시 남동구 방축로 402-1 (간석동),,스마트자동차공업사,2020-03-30 10:59:44,I,2021-12-16 00:22:43,,172226.452174368,441051.608546758,기타수질오염원관리,,,,,0,,0,,,126.686822266082,37.4712242713794
6964,6965,수질오염원설치시설(기타),09_30_12_P,3530000,353000025200300004,2003-07-22,,1,영업/정상,11,영업,,,,,,,405-230,인천광역시 남동구 간석동 195-1,,,미광사진관,2003-07-22 15:02:28,I,2021-12-16 00:22:43,사진 처리업,,,기타수질오염원관리,사진 처리업,,,,0,,0,1210470077.0,,126.709756368634,37.46077527134
6965,6966,수질오염원설치시설(기타),09_30_12_P,3530000,353000025200300005,2003-10-14,,1,영업/정상,11,영업,,,,,,,,인천광역시 남동구 만수동 978-24,인천광역시 남동구 하촌로 7 (만수동),,(주)지스콥,2020-02-28 13:51:18,I,2021-12-16 00:22:43,,176044.867759055,438606.81892143,기타수질오염원관리,,,,,0,,0,2118192429.0,,126.730066733976,37.4493039017281
6966,6967,수질오염원설치시설(기타),09_30_12_P,3530000,353000025200300006,2003-10-22,,1,영업/정상,11,영업,,,,,,,,인천광역시 남동구 간석동 39-13 제1호,,,효성동물병원,2020-03-02 09:34:39,I,2021-12-16 00:22:43,,174754.733251852,440144.92508899,기타수질오염원관리,,,,,0,,0,,,126.715434000366,37.4631277385417
10367,10368,수질오염원설치시설(기타),09_30_12_P,3530000,353000025200300120,2003-12-05,,1,영업/정상,11,영업,,,,,,,,인천광역시 남동구 남촌동 309,인천광역시 남동구 호구포로535번길 48-2  (남촌동),,남촌가정의원,2011-12-29 16:15:13,I,2021-12-16 00:22:43,,174761.367221081,436471.776799321,기타수질오염원관리,,,,,0,,0,,,126.715647900392,37.430063298648
10368,10369,수질오염원설치시설(기타),09_30_12_P,3530000,353000025200300126,2003-12-05,,1,영업/정상,11,영업,,,,,,,,인천광역시 남동구 만수동 1-190 은성프라자 2층,"인천광역시 남동구 만수로 107  (만수동,은성프라자 2층)",,한사랑의원,2008-01-14 17:53:50,I,2021-12-16 00:22:43,,176730.177139444,440318.943388459,기타수질오염원관리,,,,,0,,0,,,126.737757364002,37.4647475925096
10369,10370,수질오염원설치시설(기타),09_30_12_P,3530000,353000025200800001,2008-02-29,,1,영업/정상,11,영업,,,,,,,,인천광역시 남동구 논현동 논현2택지구 13블록 1로트 4층 402호,,,논현사랑내과의원,2008-02-29 10:58:40,I,2021-12-16 00:22:43,,,,기타수질오염원관리,,,,,0,,0,,,,
10370,10371,수질오염원설치시설(기타),09_30_12_P,3530000,353000025200800002,2008-03-10,,1,영업/정상,11,영업,,,,,,,,인천광역시 남동구 도림동 287-13 25브럭 4로트 (1층),,,후지FDI 도림점,2008-03-10 17:37:37,I,2021-12-16 00:22:43,,,,기타수질오염원관리,,,,,0,,0,,,,
10371,10372,수질오염원설치시설(기타),09_30_12_P,3530000,353000025200800003,2008-03-11,,1,영업/정상,11,영업,,,,,,,,인천광역시 남동구 구월동 1204,인천광역시 남동구 남동대로774번길 34  (구월동),,의료법인길의료재단 길치과병원,2009-12-31 14:06:42,I,2021-12-16 00:22:43,,174256.838671932,438806.902719284,기타수질오염원관리,,,,,0,,0,,,126.709853023736,37.4510584781109
13688,13689,수질오염원설치시설(기타),09_30_12_P,3530000,353000025200800006,2008-04-22,,1,영업/정상,11,영업,,,,,,,,인천광역시 남동구 고잔동 146-5,인천광역시 남동구 청능대로484번길 28-43 (고잔동),,고고팩토리,2022-08-12 19:39:04,U,2022-08-14 02:40:00,,174510.864127422,432755.093371059,기타수질오염원관리,,,,,0,,0,,,126.712933414132,37.3965396489505
19649,19650,수질오염원설치시설(기타),09_30_12_P,3530000,353000025202100001,2021-03-10,,1,영업/정상,11,영업,,,,,032-473-4567,,,인천광역시 남동구 만수동 908-18 (주)한샘물산,인천광역시 남동구 구월로 305 (주)한샘물산 (만수동),21542,베네치아안경원,2021-03-10 17:22:46,I,2021-12-16 00:22:43,,175573.132130888,439336.81826369,기타수질오염원관리,,,,,0,,0,1220560604.0,,126.724711403399,37.4558688366981
19650,19651,수질오염원설치시설(기타),09_30_12_P,3530000,353000025202100003,2021-04-05,,1,영업/정상,11,영업,,,,,032-426-9177,,,인천광역시 남동구 간석동 508-119,"인천광역시 남동구 구월로 62, 1층 (간석동)",21553,그랑프리안경원,2021-04-05 17:49:58,I,2021-12-16 00:22:43,,173132.236710341,439473.383681317,기타수질오염원관리,,,,,0,,0,1390470461.0,,126.697119677238,37.4570290591648
19651,19652,수질오염원설치시설(기타),09_30_12_P,3530000,353000025199600001,1996-04-23,,1,영업/정상,11,영업,,,,,,,405-310,인천광역시 남동구 고잔동 184,인천광역시 남동구 고잔로 8-5  (고잔동),,서울폐차사업소,2001-08-06 16:16:20,I,2021-12-16 00:22:43,,174742.854620659,432588.399798026,기타수질오염원관리,,,,,0,,0,1398126286.0,,126.715548748774,37.3950407267886
19652,19653,수질오염원설치시설(기타),09_30_12_P,3530000,353000025199700001,1997-05-31,,1,영업/정상,11,영업,,,,,,,405-230,인천광역시 남동구 간석동 616-46,,,신신자동차써비스(주),2001-08-06 16:31:38,I,2021-12-16 00:22:43,,172209.140592474,440892.734909304,기타수질오염원관리,,,,,0,,0,1398116721.0,,126.686684399971,37.4697227379646
19653,19654,수질오염원설치시설(기타),09_30_12_P,3530000,353000025199900001,1999-11-24,,1,영업/정상,11,영업,,,,,,,405-230,인천광역시 남동구 간석동 616-87,,,아주자동차공업사,2001-08-06 17:06:04,I,2021-12-16 00:22:43,,,,기타수질오염원관리,,,,,0,,0,1310658977.0,,126.686009453497,37.4716868536965
19654,19655,수질오염원설치시설(기타),09_30_12_P,3530000,353000025200000001,2000-04-26,,1,영업/정상,11,영업,,,,,,,405-230,인천광역시 남동구 간석동 456-2,인천광역시 남동구 석산로 98  (간석동),,한일자동변속기,2001-04-06 15:09:37,I,2021-12-16 00:22:43,자동차 전문 수리업,173624.424796486,439812.407474325,기타수질오염원관리,자동차 전문 수리업,,,,0,,0,,,126.702670127636,37.4601009993303
19655,19656,수질오염원설치시설(기타),09_30_12_P,3530000,353000025200100001,2001-03-13,,1,영업/정상,11,영업,,,,,,,405-230,인천광역시 남동구 간석동 616-16,,,태영자동차공업사,2001-03-23 18:15:58,I,2021-12-16 00:22:43,자동차 종합 수리업,,,기타수질오염원관리,자동차 종합 수리업,,,,0,,0,,,126.688143183188,37.4662773599823
19656,19657,수질오염원설치시설(기타),09_30_12_P,3530000,353000025200100002,2001-07-09,,1,영업/정상,11,영업,,,,,,,,인천광역시 남동구 고잔동 182-7,,,서일자동차공업사,2020-11-25 17:00:32,I,2021-12-16 00:22:43,,174705.285442854,432514.466559201,기타수질오염원관리,,,,,0,,0,,,126.715137031623,37.3943761349709
19657,19658,수질오염원설치시설(기타),09_30_12_P,3530000,353000025200100003,2001-08-18,,1,영업/정상,11,영업,,,,,,,405-310,인천광역시 남동구 고잔동 306-19,,,신성자동차,2001-08-21 11:18:39,I,2021-12-16 00:22:43,,,,기타수질오염원관리,,,,,0,,0,1391065334.0,,,
19658,19659,수질오염원설치시설(기타),09_30_12_P,3530000,353000025200100004,2002-01-10,,1,영업/정상,11,영업,,,,,,,,인천광역시 남동구 간석동 616-49,,,진광모터스,2015-11-28 12:36:29,I,2021-12-16 00:22:43,,,,기타수질오염원관리,,,,,0,,0,5121805406.0,,126.687198200857,37.4702881296973
20121,20122,수질오염원설치시설(기타),09_30_12_P,3530000,353000025200800017,2008-09-05,,1,영업/정상,11,영업,,,,,0324697585,,,인천광역시 남동구 만수동 860-4 3층,"인천광역시 남동구 백범로 216  (만수동,3층)",,만수아나파의원,2008-09-05 17:45:42,I,2021-12-16 00:22:43,,175627.776464826,439837.494168798,기타수질오염원관리,,,,,0,,0,1319160523.0,,126.725312342323,37.4603813207873
20122,20123,수질오염원설치시설(기타),09_30_12_P,3530000,353000025200300144,2003-07-29,,1,영업/정상,11,영업,,,,,,,,인천광역시 남동구 구월동 1469 8층,,,맘마외과의원,2008-07-29 17:49:33,I,2021-12-16 00:22:43,,,,기타수질오염원관리,,,,,0,,0,,,126.701250087446,37.4436334376612
20320,20321,수질오염원설치시설(기타),09_30_12_P,3530000,353000025200100005,2005-01-07,,1,영업/정상,11,영업,,,,,,,,인천광역시 남동구 고잔동 306-19,,,신성아이카써비스(주),2020-03-02 09:34:33,I,2021-12-16 00:22:43,,,,기타수질오염원관리,,,,,0,,0,,,,
20321,20322,수질오염원설치시설(기타),09_30_12_P,3530000,353000025200200001,2002-02-06,,1,영업/정상,11,영업,,,,,,,405-230,인천광역시 남동구 간석동 239-3,,,(주)희성양행,2002-02-06 10:14:15,I,2021-12-16 00:22:43,사진 처리업,,,기타수질오염원관리,사진 처리업,,,,0,,0,1148139967.0,,126.707432540058,37.4668489161844
20322,20323,수질오염원설치시설(기타),09_30_12_P,3530000,353000025200400006,2004-04-01,,1,영업/정상,11,영업,,,,,,,405-240,인천광역시 남동구 만수동 1025-13,,,눈깜짝스튜디오,2004-04-01 14:28:27,I,2021-12-16 00:22:43,,,,기타수질오염원관리,,,,,0,,0,,,126.73901927417,37.4445558554115
20323,20324,수질오염원설치시설(기타),09_30_12_P,3530000,353000025200400008,2004-05-28,,1,영업/정상,11,영업,,,,,,,405-220,인천광역시 남동구 구월동 1455,인천광역시 남동구 예술로 148  (구월동),,아리사진관,2004-05-28 09:52:45,I,2021-12-16 00:22:43,사진 처리업,173523.274957491,438366.029400914,기타수질오염원관리,사진 처리업,,,,0,,0,1311892959.0,,126.701578633231,37.4470654987355
20324,20325,수질오염원설치시설(기타),09_30_12_P,3530000,353000025202100027,2021-06-17,,1,영업/정상,11,영업,,,,,032-423-4238,,,인천광역시 남동구 구월동 1465-1 뉴코아아울렛 인천점,"인천광역시 남동구 인하로 485, 뉴코아아울렛 인천점 (구월동)",21574,아프리카안경원,2021-06-17 09:05:25,I,2021-12-16 00:22:43,,173449.265308514,438055.718667539,기타수질오염원관리,,,,,0,,0,6681800679.0,,126.700804207004,37.4445612525883
20325,20326,수질오염원설치시설(기타),09_30_12_P,3530000,353000025202100035,2021-06-17,,1,영업/정상,11,영업,,,,,032-433-9789,,,인천광역시 남동구 간석동 41-79,인천광역시 남동구 백범로 312-79 (간석동),21511,밝은안경,2021-06-17 18:01:49,I,2021-12-16 00:22:43,,174759.974487534,440196.764667372,기타수질오염원관리,,,,,0,,0,1313290243.0,,126.715491459658,37.4635949598598
20326,20327,수질오염원설치시설(기타),09_30_12_P,3530000,353000025202100021,2021-06-10,,1,영업/정상,11,영업,,,,,032-471-3338,,,인천광역시 남동구 구월동 341-8,인천광역시 남동구 구월로 265 (구월동),21542,아이데코 구월점,2021-06-10 08:45:51,I,2021-12-16 00:22:43,,175164.721032409,439358.980868857,기타수질오염원관리,,,,,0,,0,3955200173.0,,126.7200947363,37.4560575661964
20327,20328,수질오염원설치시설(기타),09_30_12_P,3530000,353000025202100028,2021-06-17,,1,영업/정상,11,영업,,,,,032-427-0999,,,인천광역시 남동구 논현동 632-1 칼리오페,"인천광역시 남동구 논고개로123번길 35, 칼리오페 132호 (논현동)",21653,행복한안경원 칼리오페점,2021-06-17 09:10:30,I,2021-12-16 00:22:43,,175322.829762396,433304.243386176,기타수질오염원관리,,,,,0,,0,1313081212.0,,126.722084707984,37.4015095461166
20328,20329,수질오염원설치시설(기타),09_30_12_P,3530000,353000025202100037,2021-06-17,,1,영업/정상,11,영업,,,,,032-467-9811,,,인천광역시 남동구 만수동 72-46 만수상사아파트,"인천광역시 남동구 만수로 39, 만수상사아파트 (만수동)",21524,예스안경원,2021-06-17 18:05:54,I,2021-12-16 00:22:43,,176290.510416083,439839.030942567,기타수질오염원관리,,,,,0,,0,1210355690.0,,126.732803042022,37.46041246048
20329,20330,수질오염원설치시설(기타),09_30_12_P,3530000,353000025202100071,2021-07-06,,1,영업/정상,11,영업,,,,,032-867-3232,,,인천광역시 남동구 만수동 1089-5 동신빌딩,"인천광역시 남동구 장승로 49-1, 동신빌딩 (만수동)",21591,미추홀안경,2021-07-06 14:13:39,I,2021-12-16 00:22:43,,176770.877535629,438186.618487606,기타수질오염원관리,,,,,0,,0,1390252907.0,,126.738498873442,37.4459546075529
20330,20331,수질오염원설치시설(기타),09_30_12_P,3530000,353000025202100009,2021-05-07,,1,영업/정상,11,영업,,,,,,,,인천광역시 남동구 장수동 783-12,"인천광역시 남동구 장수로 18, 1층 (장수동)",21532,NOON 눈사랑 안경원,2021-05-07 11:35:02,I,2021-12-16 00:22:43,,177798.177589244,438784.840331056,기타수질오염원관리,,,,,0,,0,3952000018.0,,126.749875918946,37.4509525465054
20331,20332,수질오염원설치시설(기타),09_30_12_P,3530000,353000025202100006,2021-05-07,,1,영업/정상,11,영업,,,,,,,,인천광역시 남동구 구월동 1241-2 107호,"인천광역시 남동구 용천로 80, 107호 (구월동)",21547,보보스 안경원(아이패밀리),2021-05-07 11:34:13,I,2021-12-16 00:22:43,,174717.036299021,439432.968920886,기타수질오염원관리,,,,,0,,0,1313132611.0,,126.715032436665,37.4567120349852
20332,20333,수질오염원설치시설(기타),09_30_12_P,3530000,353000025202100007,2021-05-07,,1,영업/정상,11,영업,,,,,032-437-0419,,,인천광역시 남동구 구월동 1394-11,인천광역시 남동구 문화서로3번길 1 (구월동),21567,이태리 안경,2023-02-10 17:53:54,U,2023-02-12 02:40:00,,172947.493797826,438227.281972501,기타수질오염원관리,,,,,0,,0,1390214669.0,,126.695077027543,37.4457987510753
20333,20334,수질오염원설치시설(기타),09_30_12_P,3530000,353000025202100029,2021-06-17,,1,영업/정상,11,영업,,,,,032-427-8333,,,인천광역시 남동구 논현동 632-1 칼리오페,"인천광역시 남동구 논고개로123번길 35, 칼리오페 116호 (논현동)",21653,으뜸플러스안경원 칼리오페점,2021-06-17 09:10:31,I,2021-12-16 00:22:43,,175322.829762396,433304.243386176,기타수질오염원관리,,,,,0,,0,4350601338.0,,126.722084707984,37.4015095461166
20334,20335,수질오염원설치시설(기타),09_30_12_P,3530000,353000025202100044,2021-06-23,,1,영업/정상,11,영업,,,,,032-431-4123,,,인천광역시 남동구 구월동 1469-1 푸른세상안과,"인천광역시 남동구 인하로 497-5, 푸른세상안과 502호 (구월동)",21574,구월밝은눈안경원,2021-06-23 14:05:13,I,2021-12-16 00:22:43,,173523.451160064,437981.354335537,기타수질오염원관리,,,,,0,,0,1313597271.0,,126.701250087446,37.4436334376612
20335,20336,수질오염원설치시설(기타),09_30_12_P,3530000,353000025202100052,2021-07-01,,1,영업/정상,11,영업,,,,,,,,인천광역시 남동구 구월동 1130 CGV 홈플러스,"인천광역시 남동구 예술로 198, CGV 홈플러스 지하3층 (구월동)",21558,렌즈맨 구월점,2021-07-01 13:11:10,I,2021-12-16 00:22:43,,173552.310556009,438905.868022571,기타수질오염원관리,,,,,0,,0,2230667590.0,,126.701887395261,37.4519302937548
20336,20337,수질오염원설치시설(기타),09_30_12_P,3530000,353000025202100013,2021-06-01,,1,영업/정상,11,영업,,,,,032-468-9991,,,인천광역시 남동구 남촌동 332-6,인천광역시 남동구 남촌동로3번길 35 (남촌동),21625,안경사랑,2021-06-01 08:36:40,I,2021-12-16 00:22:43,,174788.902615611,436594.475948037,기타수질오염원관리,,,,,0,,0,1311130634.0,,126.715932939193,37.4311150165827
20798,20799,수질오염원설치시설(기타),09_30_12_P,3530000,353000025200600010,2006-09-08,,1,영업/정상,11,영업,,,,,,,,인천광역시 남동구 고잔동 368-28,,,제일자동차공업사,2008-05-15 16:47:36,I,2021-12-16 00:22:43,,,,기타수질오염원관리,,,,,0,,0,,,,
20799,20800,수질오염원설치시설(기타),09_30_12_P,3530000,353000025200300092,2003-12-05,,1,영업/정상,11,영업,,,,,4647575,,,"인천광역시 남동구 만수동 71 만수프라자 303,304호","인천광역시 남동구 만수로 63  (만수동,만수프라자 303,304호)",,소화소아과의원,2011-12-27 12:39:47,I,2021-12-16 00:22:43,,176469.752660054,439952.112018963,기타수질오염원관리,,,,,0,,0,1399022074.0,,126.734825371566,37.4614358773225
20800,20801,수질오염원설치시설(기타),09_30_12_P,3530000,353000025200300054,2003-12-05,,1,영업/정상,11,영업,,,,,4349411,,,인천광역시 남동구 간석동 285-2,인천광역시 남동구 남동대로 875  (간석동),,태창QS,2011-12-27 12:49:28,I,2021-12-16 00:22:43,,174107.418007263,439875.482774016,기타수질오염원관리,,,,,0,,0,1312924082.0,,126.708127058891,37.460682959546
20801,20802,수질오염원설치시설(기타),09_30_12_P,3530000,353000025201100009,2011-07-08,,1,영업/정상,11,영업,,,,,07042733226,,,인천광역시 남동구 논현동 649-3 아름다운타워 504,"인천광역시 남동구 논고개로 101  (논현동,아름다운타워 504)",,이앤박소아청소년과이비인후과의원,2011-07-08 10:50:40,I,2021-12-16 00:22:43,,175520.129279911,433137.839559028,기타수질오염원관리,,,,,0,,0,1313296024.0,,126.724318509026,37.400015480575
20802,20803,수질오염원설치시설(기타),09_30_12_P,3530000,353000025201100010,2011-07-11,,1,영업/정상,11,영업,,,,,441-5155,,,인천광역시 남동구 간석동 900-138 1호,"인천광역시 남동구 구월로 41  (간석동,1호)",,위드동물병원,2011-07-11 18:20:06,I,2021-12-16 00:22:43,,172932.148310502,439548.810415616,기타수질오염원관리,,,,,0,,0,1313318345.0,,126.694854971719,37.4577051170773
20803,20804,수질오염원설치시설(기타),09_30_12_P,3530000,353000025200300081,2003-12-05,,1,영업/정상,11,영업,,,,,4643399,,,인천광역시 남동구 만수동 424-2,인천광역시 남동구 인주대로887번길 59  (만수동),,인천평화의원,2011-07-13 10:59:07,I,2021-12-16 00:22:43,,176719.459117419,438765.427986994,기타수질오염원관리,,,,,0,,0,1349202820.0,,126.737685310476,37.4507502406457
20863,20864,수질오염원설치시설(기타),09_30_12_P,3530000,353000025200300074,2003-01-11,,1,영업/정상,11,영업,,,,,0324630021,,,인천광역시 남동구 간석동 921-16,인천광역시 남동구 호구포로 884  (간석동),,이의원,2010-01-11 13:53:55,I,2021-12-16 00:22:43,,175205.606237106,439933.61205045,기타수질오염원관리,,,,,0,,0,1399600145.0,,126.720537391384,37.4612360854193
20864,20865,수질오염원설치시설(기타),09_30_12_P,3530000,353000025201000007,2010-04-19,,1,영업/정상,11,영업,,,,,0324222299,,,"인천광역시 남동구 논현동 636-5 대진프라자 7,8,10층","인천광역시 남동구 호구포로 214  (논현동,대진프라자 7,8,10층)",,남동병원,2010-04-19 17:52:45,I,2021-12-16 00:22:43,,174258.050192347,433361.210147264,기타수질오염원관리,,,,,0,,0,1099611525.0,,126.710057215002,37.4019937944045
20865,20866,수질오염원설치시설(기타),09_30_12_P,3530000,353000025201400010,2014-05-30,,1,영업/정상,11,영업,,,,,0324428875,,,인천광역시 남동구 논현동 631-8 광성프라자 6층,인천광역시 남동구 청능대로 581 (논현동),405-300,논현손호균마취통증의학과의원,2014-05-30 17:15:25,I,2021-12-16 00:22:43,일반 의원,175457.249689901,433279.105185572,기타수질오염원관리,일반 의원,,,,0,,0,1319194187.0,,126.723603681077,37.4012865905695
20866,20867,수질오염원설치시설(기타),09_30_12_P,3530000,353000025201400011,2014-05-30,,1,영업/정상,11,영업,,,,,0324428875,,,인천광역시 남동구 논현동 631-8 광성프라자 6층,인천광역시 남동구 청능대로 581 (논현동),405-300,논현손호균마취통증의학과의원,2014-05-30 17:22:36,I,2021-12-16 00:22:43,,175457.249689901,433279.105185572,기타수질오염원관리,,,,,0,,0,1319194187.0,,126.723603681077,37.4012865905695
20944,20945,수질오염원설치시설(기타),09_30_12_P,3530000,353000025202100016,2021-06-10,,1,영업/정상,11,영업,,,,,032-468-9828,,,인천광역시 남동구 구월동 1199,인천광역시 남동구 구월남로 172 (구월동),21565,새길안경원,2021-06-10 08:45:43,I,2021-12-16 00:22:43,,174136.952394692,438995.032376674,기타수질오염원관리,,,,,0,,0,1312253652.0,,126.70849151561,37.4527501986302
20945,20946,수질오염원설치시설(기타),09_30_12_P,3530000,353000025202100017,2021-06-10,,1,영업/정상,11,영업,,,,,032-434-2269,,,인천광역시 남동구 간석동 42-4 메디칼센터,"인천광역시 남동구 백범로 322, 메디칼센터 (간석동)",21511,아이원안경원,2021-06-10 08:45:45,I,2021-12-16 00:22:43,,174680.687560582,440259.433958273,기타수질오염원관리,,,,,0,,0,1312342303.0,,126.714593071761,37.4641574556579
20946,20947,수질오염원설치시설(기타),09_30_12_P,3530000,353000025202100018,2021-06-10,,1,영업/정상,11,영업,,,,,032-432-0563,,,인천광역시 남동구 간석동 205-1 올리브백화점,"인천광역시 남동구 남동대로 880, 올리브백화점 (간석동)",21545,아이로비,2021-06-10 08:45:46,I,2021-12-16 00:22:43,,174172.521279,439905.780965785,기타수질오염원관리,,,,,0,,0,1310956984.0,,126.708861595778,37.4609569662886
20947,20948,수질오염원설치시설(기타),09_30_12_P,3530000,353000025202100019,2021-06-10,,1,영업/정상,11,영업,,,,,032-466-3553,,,인천광역시 남동구 만수동 1041,"인천광역시 남동구 장승남로 36, 만수프라자 107호 (만수동)",21596,아이샵안경원,2021-06-10 08:45:48,I,2021-12-16 00:22:43,,176587.374096655,437930.150471864,기타수질오염원관리,,,,,0,,0,1313220465.0,,126.736219155907,37.4432210968448
20948,20949,수질오염원설치시설(기타),09_30_12_P,3530000,353000025202100058,2021-07-01,,1,영업/정상,11,영업,,,,,032-425-6505,,,인천광역시 남동구 구월동 1463 효명프라자,"인천광역시 남동구 성말로 10, 효명프라자 3층 303호 (구월동)",21574,으뜸50안경콘텍트,2021-07-01 13:11:40,I,2021-12-16 00:22:43,,173519.187464408,438158.450723747,기타수질오염원관리,,,,,0,,0,5222801236.0,,126.70153995528,37.4451951722422
20949,20950,수질오염원설치시설(기타),09_30_12_P,3530000,353000025202100059,2021-07-01,,1,영업/정상,11,영업,,,,,032-469-3003,,,인천광역시 남동구 논현동 623-8,인천광역시 남동구 논현남로10번길 11 (논현동),21653,글라스박스 인천논현점,2021-07-01 13:11:44,I,2021-12-16 00:22:43,,175307.174364216,433369.308036237,기타수질오염원관리,,,,,0,,0,1312958170.0,,126.721905790449,37.4020953279694
20950,20951,수질오염원설치시설(기타),09_30_12_P,3530000,353000025202100054,2021-07-01,,1,영업/정상,11,영업,,,,,032469-2124,,,인천광역시 남동구 논현동 109-94,인천광역시 남동구 포구로 73 (논현동),21669,다인안경,2021-07-01 13:11:21,I,2021-12-16 00:22:43,,176539.047216455,433674.434074198,기타수질오염원관리,,,,,0,,0,1313663313.0,,126.735808561896,37.4048757657626
20958,20959,수질오염원설치시설(기타),09_30_12_P,3530000,353000025200400009,2004-05-28,,1,영업/정상,11,영업,,,,,8764782,,,인천광역시 남동구 간석동 616-4,,,간석디지탈사진관,2022-11-11 13:01:07,U,2022-11-13 02:40:00,,,,기타수질오염원관리,,,,,0,,0,1312350934.0,,,
20959,20960,수질오염원설치시설(기타),09_30_12_P,3530000,353000025200400010,2004-05-28,,1,영업/정상,11,영업,,,,,,,405-280,인천광역시 남동구 도림동 248-3,,,우리가족의원,2004-05-28 09:58:20,I,2021-12-16 00:22:43,,,,기타수질오염원관리,,,,,0,,0,1319108584.0,,,
20960,20961,수질오염원설치시설(기타),09_30_12_P,3530000,353000025200400011,2004-02-26,,1,영업/정상,11,영업,,,,,032 8113555,,405-310,인천광역시 남동구 고잔동,,,세종자동차(주),2004-05-29 10:37:34,I,2021-12-16 00:22:43,자동차 수리업,,,기타수질오염원관리,자동차 수리업,,,,0,,0,1218147053.0,,126.69630508548,37.3948569954357
20961,20962,수질오염원설치시설(기타),09_30_12_P,3530000,353000025200400012,2004-05-29,,1,영업/정상,11,영업,,,,,,,405-310,인천광역시 남동구 고잔동 269-5,,,세종자동차공업사,2004-05-29 10:41:00,I,2021-12-16 00:22:43,,,,기타수질오염원관리,,,,,0,,0,1218147053.0,,126.709565205212,37.3940718221015
20962,20963,수질오염원설치시설(기타),09_30_12_P,3530000,353000025200400019,2004-08-17,,1,영업/정상,11,영업,,,,,,,405-220,인천광역시 남동구 구월동 1140-15,,,토성메디스의원,2004-08-17 11:59:10,I,2021-12-16 00:22:43,,,,기타수질오염원관리,,,,,0,,0,,,126.707707309938,37.453208047247
20963,20964,수질오염원설치시설(기타),09_30_12_P,3530000,353000025200400020,2004-08-27,,1,영업/정상,11,영업,,,,,,,405-220,인천광역시 남동구 구월동 1206-5,,,신성외과의원,2004-08-27 09:35:40,I,2021-12-16 00:22:43,의원,,,기타수질오염원관리,의원,,,,0,,0,1319111584.0,,126.712123175456,37.4497585551418
20964,20965,수질오염원설치시설(기타),09_30_12_P,3530000,353000025200400021,2004-09-10,,1,영업/정상,11,영업,,,,,,,405-221,인천광역시 남동구 구월동 1236,인천광역시 남동구 호구포로765번길 9  (구월동),,남동연합의원,2004-09-10 13:50:25,I,2021-12-16 00:22:43,의원,174986.671459198,438753.264245941,기타수질오염원관리,의원,,,,0,,0,1319112716.0,,126.718102974201,37.4505953219421
20965,20966,수질오염원설치시설(기타),09_30_12_P,3530000,353000025200400023,2004-10-01,,1,영업/정상,11,영업,,,,,,,405-220,인천광역시 남동구 구월동 1195,인천광역시 남동구 남동대로 772  (구월동),,강문호내과의원,2004-10-01 11:57:59,I,2021-12-16 00:22:43,,174109.465097269,438817.945408254,기타수질오염원관리,,,,,0,,0,,,126.708187143584,37.4511538481708
20966,20967,수질오염원설치시설(기타),09_30_12_P,3530000,353000025200400025,2004-10-25,,1,영업/정상,11,영업,,,,,,,405-241,인천광역시 남동구 만수동 981-1,,,앙뜨레스튜디오,2004-10-25 15:02:11,I,2021-12-16 00:22:43,사진 처리업,,,기타수질오염원관리,사진 처리업,,,,0,,0,1310328429.0,,126.731716905058,37.4498541224154
20967,20968,수질오염원설치시설(기타),09_30_12_P,3530000,353000025200400026,2004-11-12,,1,영업/정상,11,영업,,,,,,,405-100,인천광역시 남동구 남촌동 289,인천광역시 남동구 남촌로84번길 17  (남촌동),,까꿍스튜디오,2004-11-12 14:12:11,I,2021-12-16 00:22:43,사진 처리업,174753.368515684,436396.159946808,기타수질오염원관리,사진 처리업,,,,0,,0,1328125558.0,,126.715571443015,37.4293678022467
20968,20969,수질오염원설치시설(기타),09_30_12_P,3530000,353000025200400027,2004-11-17,,1,영업/정상,11,영업,,,,,,,405-310,인천광역시 남동구 고잔동 326,인천광역시 남동구 앵고개로697번길 17-19  (고잔동),,풍림자동차공업사,2004-11-17 15:41:17,I,2021-12-16 00:22:43,,174680.907732233,431923.765895856,기타수질오염원관리,,,,,0,,0,,,126.714892051615,37.3890776387277
20969,20970,수질오염원설치시설(기타),09_30_12_P,3530000,353000025200400029,2004-12-03,,1,영업/정상,11,영업,,,,,,,405-232,인천광역시 남동구 간석동 산 27-1,,,가천길대학,2004-12-03 09:49:37,I,2021-12-16 00:22:43,전문대학,,,기타수질오염원관리,전문대학,,,,0,,0,,,,
20970,20971,수질오염원설치시설(기타),09_30_12_P,3530000,353000025200400031,2004-12-29,,1,영업/정상,11,영업,,,,,,,405-242,인천광역시 남동구 만수동 72-49,,,조내과의원,2004-12-29 12:30:02,I,2021-12-16 00:22:43,,,,기타수질오염원관리,,,,,0,,0,,,126.733316379538,37.4605519250066
20971,20972,수질오염원설치시설(기타),09_30_12_P,3530000,353000025200400032,2005-04-27,,1,영업/정상,11,영업,,,,,,,405-220,인천광역시 남동구 구월동 1206-5,,,신성의원,2005-04-27 11:54:51,I,2021-12-16 00:22:43,,,,기타수질오염원관리,,,,,0,,0,,,126.712123175456,37.4497585551418
20972,20973,수질오염원설치시설(기타),09_30_12_P,3530000,353000025200500001,2005-01-05,,1,영업/정상,11,영업,,,,,,,405-310,인천광역시 남동구 고잔동 161-1,,,한물결의원,2005-01-05 11:39:34,I,2021-12-16 00:22:43,의원,,,기타수질오염원관리,의원,,,,0,,0,1399603458.0,,126.714900289275,37.3965036815448
20973,20974,수질오염원설치시설(기타),09_30_12_P,3530000,353000025200500002,2005-01-19,,1,영업/정상,11,영업,,,,,032 4687533,,405-240,인천광역시 남동구 만수동 879-2,,,신세계동물병원,2005-01-19 13:40:10,I,2021-12-16 00:22:43,병원,,,기타수질오염원관리,병원,,,,0,,0,1311587154.0,,126.727649824646,37.4568511685729
21437,21438,수질오염원설치시설(기타),09_30_12_P,3530000,353000025201100007,2011-05-24,,1,영업/정상,11,영업,,,,,431-1275,,,인천광역시 남동구 고잔동 RC 14블록 2롯트(2층),,,정소아청소년과,2011-05-24 17:54:28,I,2021-12-16 00:22:43,,,,기타수질오염원관리,,,,,0,,0,1319122266.0,,,
21438,21439,수질오염원설치시설(기타),09_30_12_P,3530000,353000025201100002,2011-02-15,,1,영업/정상,11,영업,,,,,,,,인천광역시 남동구 고잔동 269-5,인천광역시 남동구 논현고잔로109번길 68 (고잔동),21686,고려1급자동차,2018-07-11 14:03:45,I,2021-12-16 00:22:43,,174213.882985159,432484.577128419,기타수질오염원관리,,,,,0,,0,,,126.709565205212,37.3940718221015
21439,21440,수질오염원설치시설(기타),09_30_12_P,3530000,353000025201100001,2011-02-01,,1,영업/정상,11,영업,,,,,867-5445,,,인천광역시 남동구 간석동 616-88 616-117,"인천광역시 남동구 방축로 396 (간석동,616-117)",,아주자동차공업사,2016-11-03 16:46:04,I,2021-12-16 00:22:43,,172174.34083635,441088.617805512,기타수질오염원관리,,,,,0,,0,,,,
21440,21441,수질오염원설치시설(기타),09_30_12_P,3530000,353000025201100003,2011-02-28,,1,영업/정상,11,영업,,,,,0324247007,,,인천광역시 남동구 논현동 632-2 아이플렉스 7층,"인천광역시 남동구 논고개로123번길 17  (논현동,아이플렉스 7층)",,마이비산부인과,2011-02-28 11:31:53,I,2021-12-16 00:22:43,,175411.593577176,433323.533492479,기타수질오염원관리,,,,,0,,0,,,126.723086302038,37.4016848915801
21441,21442,수질오염원설치시설(기타),09_30_12_P,3530000,353000025201100005,2011-04-18,,1,영업/정상,11,영업,,,,,,,,인천광역시 남동구 구월동 1399-3,인천광역시 남동구 문화서로4번길 28 (구월동),,순복정형외과의원,2016-02-01 18:05:46,I,2021-12-16 00:22:43,,173074.33117866,438125.657653227,기타수질오염원관리,,,,,0,,0,,,126.696514098998,37.4448868423279
21442,21443,수질오염원설치시설(기타),09_30_12_P,3530000,353000025201100006,2011-04-18,,1,영업/정상,11,영업,,,,,4640445,,,인천광역시 남동구 구월동 1241-4 외 1필지 103,"인천광역시 남동구 구월로 221  (구월동,외 1필지 103)",,사진이야기2,2011-04-18 17:40:43,I,2021-12-16 00:22:43,,174733.833474619,439406.800838633,기타수질오염원관리,,,,,0,,0,,,,
21443,21444,수질오염원설치시설(기타),09_30_12_P,3530000,353000025201300013,2013-10-25,,1,영업/정상,11,영업,,,,,0324261800,,,인천광역시 남동구 논현동 746-6 7~10층,"인천광역시 남동구 논고개로 71, 7~10층 (논현동)",405-300,예인병원,2013-10-25 13:28:55,I,2021-12-16 00:22:43,,175741.564805155,432916.160822863,기타수질오염원관리,,,,,0,,0,1319153435.0,,,
21444,21445,수질오염원설치시설(기타),09_30_12_P,3530000,353000025201300015,2013-11-20,,1,영업/정상,11,영업,,,,,032 4428205,,,인천광역시 남동구 고잔동 524-2,,,토탈오토모터스(주),2013-11-20 13:56:42,I,2021-12-16 00:22:43,,,,기타수질오염원관리,,,,,0,,0,,,126.711813926893,37.3868283489388
21445,21446,수질오염원설치시설(기타),09_30_12_P,3530000,353000025201300011,2013-08-14,,1,영업/정상,11,영업,,,,,,,,인천광역시 남동구 고잔동 163-5,,,기아오토큐 고잔점,2013-08-14 14:32:33,I,2021-12-16 00:22:43,,174652.36614235,432640.318265815,기타수질오염원관리,,,세차차량,,0,,0,,,126.714530130366,37.395511217012
21552,21553,수질오염원설치시설(기타),09_30_12_P,3530000,353000025201500006,2015-11-03,,1,영업/정상,11,영업,,,,,032-466-4948,,,인천광역시 남동구 운연동 258-4,"인천광역시 남동구 음실서로 46 (운연동, 대청산업)",21601,연우자동차공업사,2020-01-07 16:07:42,I,2021-12-16 00:22:43,,179134.222974433,437150.615076319,기타수질오염원관리,,,,,0,,0,2650901399.0,,126.764992099975,37.4362401193169
21553,21554,수질오염원설치시설(기타),09_30_12_P,3530000,353000025200300170,2003-12-05,,1,영업/정상,11,영업,,,,,,,,인천광역시 남동구 만수동 916-12,인천광역시 남동구 구월로 332 (만수동),,만수중앙의원,2016-02-01 18:04:21,I,2021-12-16 00:22:43,,175813.779482013,439251.919793247,기타수질오염원관리,,,,,0,,0,1399601028.0,,126.727433937207,37.4551101894979
21556,21557,수질오염원설치시설(기타),09_30_12_P,3530000,353000025201400016,2014-12-05,,1,영업/정상,11,영업,,,,,0324318575,,,인천광역시 남동구 간석동 510-29,인천광역시 남동구 구월로 75 (간석동),,이진호내과,2014-12-19 11:00:53,I,2021-12-16 00:22:43,,173277.062451837,439503.331696864,기타수질오염원관리,,,,,0,,0,1319063372.0,,126.698754936952,37.4573054337976
21557,21558,수질오염원설치시설(기타),09_30_12_P,3530000,353000025201500003,2015-05-28,,1,영업/정상,11,영업,,,,,032-432-0977,,,인천광역시 남동구 간석동 285-2,"인천광역시 남동구 남동대로 875, 2층 (간석동)",405-807,참조은정형외과의원,2015-05-28 16:20:21,I,2021-12-16 00:22:43,,174107.418007263,439875.482774016,기타수질오염원관리,,,,,0,,0,8629400033.0,,126.708127058891,37.460682959546
21558,21559,수질오염원설치시설(기타),09_30_12_P,3530000,353000025200300168,2003-12-05,,1,영업/정상,11,영업,,,,,0324712546,,,인천광역시 남동구 만수동 71-10 훈정빌딩 2층,"인천광역시 남동구 만수로 65 (만수동,훈정빌딩 2층)",,만수성심외과의원,2014-11-20 09:44:09,I,2021-12-16 00:22:43,,176495.185278444,439970.975256472,기타수질오염원관리,,,,,0,,0,1399603517.0,,126.73511220819,37.4616064510034
21559,21560,수질오염원설치시설(기타),09_30_12_P,3530000,353000025201400014,2014-12-06,,1,영업/정상,11,영업,,,,,032  4649000,,,인천광역시 남동구 구월동 620-19,"인천광역시 남동구 인주대로 806 (구월동, 아나벨빌딩)",405-832,봄날요양병원,2016-02-01 18:05:12,I,2021-12-16 00:22:43,,175741.487267268,438510.368353538,기타수질오염원관리,,,,,0,,0,1229181989.0,,126.726641338641,37.4484270033414
21560,21561,수질오염원설치시설(기타),09_30_12_P,3530000,353000025201400015,2014-12-06,,1,영업/정상,11,영업,,,,,4664977,,,인천광역시 남동구 구월동 1250-3,인천광역시 남동구 호구포로 872 (구월동),405-828,의료법인예현의료재단 세종한방병원,2014-12-06 12:23:19,I,2021-12-16 00:22:43,,175185.638044171,439799.395480428,기타수질오염원관리,,,,,0,,0,1318215690.0,,126.720316287957,37.4600262276257
21561,21562,수질오염원설치시설(기타),09_30_12_P,3530000,353000025200500021,2005-12-29,,1,영업/정상,11,영업,,,,,0324293600,,,인천광역시 남동구 간석동 912-15,인천광역시 남동구 백범로 276 (간석동),,간석메디 정형외과의원,2016-02-01 18:05:54,I,2021-12-16 00:22:43,,175066.927563068,440010.216538735,기타수질오염원관리,,,,,0,,0,1319093518.0,,126.718967423335,37.4619225352867
21655,21656,수질오염원설치시설(기타),09_30_12_P,3530000,353000025200500003,2005-01-20,,1,영업/정상,11,영업,,,,,,,405-220,인천광역시 남동구 구월동 1457-1,,,위대항연세외과의원,2005-01-20 10:08:13,I,2021-12-16 00:22:43,,,,기타수질오염원관리,,,,,0,,0,,,126.701807250105,37.4462685908625
21656,21657,수질오염원설치시설(기타),09_30_12_P,3530000,353000025200500004,2005-02-05,,1,영업/정상,11,영업,,,,,,,405-230,인천광역시 남동구 간석동 520,인천광역시 남동구 경인로 520  (간석동),,이찬주내과의원,2005-02-05 10:09:07,I,2021-12-16 00:22:43,,173134.991691568,439863.371337281,기타수질오염원관리,,,,,0,,0,1399600785.0,,126.697136126445,37.4605452894017
21657,21658,수질오염원설치시설(기타),09_30_12_P,3530000,353000025200500007,2005-04-26,,1,영업/정상,11,영업,,,,,,,405-240,인천광역시 남동구 만수동 1020-5,,,Dr송내과의원,2005-04-26 10:36:19,I,2021-12-16 00:22:43,병원,,,기타수질오염원관리,병원,,,,0,,0,,,126.738094923603,37.4436699177854
21658,21659,수질오염원설치시설(기타),09_30_12_P,3530000,353000025200500008,2005-04-26,,1,영업/정상,11,영업,,,,,,,405-230,인천광역시 남동구 간석동 1318-3,,,신한의원,2005-04-26 10:42:46,I,2021-12-16 00:22:43,의원,,,기타수질오염원관리,의원,,,,0,,0,,,,
21659,21660,수질오염원설치시설(기타),09_30_12_P,3530000,353000025200500010,2005-05-09,,1,영업/정상,11,영업,,,,,,,,인천광역시 남동구 간석동 573-1,인천광역시 남동구 백범로 457  (간석동),,DC동물병원,2009-08-18 17:46:18,I,2021-12-16 00:22:43,,173407.876159521,440677.1746683,기타수질오염원관리,,,,,0,,0,,,126.700191284169,37.4678862967093
21660,21661,수질오염원설치시설(기타),09_30_12_P,3530000,353000025202100056,2021-07-01,,1,영업/정상,11,영업,,,,,032-426-5757,,,인천광역시 남동구 논현동 757-1 에코메트로7단지상가,"인천광역시 남동구 에코중앙로 165, 에코메트로7단지상가 1층 (논현동)",21681,신세기안경 논현점,2021-07-01 13:11:31,I,2021-12-16 00:22:43,,175611.561638325,432324.73974282,기타수질오염원관리,,,,,0,,0,7953700818.0,,126.725377834251,37.3926910375282
21661,21662,수질오염원설치시설(기타),09_30_12_P,3530000,353000025202100057,2021-07-01,,1,영업/정상,11,영업,,,,,032-466-2293,,,인천광역시 남동구 서창동 548-8,"인천광역시 남동구 매소홀로 1137, 1층 (서창동)",21602,신세기안경 서창점,2021-07-01 13:11:35,I,2021-12-16 00:22:43,,177726.417022197,437413.79438519,기타수질오염원관리,,,,,0,,0,4085200125.0,,126.749106404815,37.4385976764847
21662,21663,수질오염원설치시설(기타),09_30_12_P,3530000,353000025202100020,2021-06-10,,1,영업/정상,11,영업,,,,,032-438-1551,,,인천광역시 남동구 논현동 746-6 가산타워,"인천광역시 남동구 논고개로 71, 가산타워 101호 (논현동)",21679,논현안경원,2021-06-10 08:45:49,I,2021-12-16 00:22:43,,175741.564805155,432916.160822863,기타수질오염원관리,,,,,0,,0,8915000022.0,,126.726826433076,37.3980231117214
21663,21664,수질오염원설치시설(기타),09_30_12_P,3530000,353000025202100025,2021-06-17,,1,영업/정상,11,영업,,,,,032-467-1008,,,인천광역시 남동구 구월동 1265,인천광역시 남동구 호구포로 798 (구월동),21534,1001안경콘택트 구월모래내점,2021-06-17 09:00:12,I,2021-12-16 00:22:43,,175106.577298068,439082.974209786,기타수질오염원관리,,,,,0,,0,1210464823.0,,126.719446915004,37.4535692419456
21664,21665,수질오염원설치시설(기타),09_30_12_P,3530000,353000025202100053,2021-07-01,,1,영업/정상,11,영업,,,,,032-446-8008,,,인천광역시 남동구 서창동 687-3 아페리온,"인천광역시 남동구 서창남순환로 223, 아페리온 A동 119,120호 (서창동)",21614,헬로안경원,2021-07-01 13:11:15,I,2021-12-16 00:22:43,,177692.445011698,435885.502080795,기타수질오염원관리,,,,,0,,0,4375500358.0,,126.74876869767,37.4248261272326
21665,21666,수질오염원설치시설(기타),09_30_12_P,3530000,353000025202100011,2021-05-07,,1,영업/정상,11,영업,,,,,032-472-9990,,,인천광역시 남동구 구월동 1264 퍼스트하임프라자,"인천광역시 남동구 호구포로 818, 퍼스트하임프라자 1층 (구월동)",21534,다인안경원,2021-05-07 11:35:10,I,2021-12-16 00:22:43,,175127.311445245,439299.829381154,기타수질오염원관리,,,,,0,,0,7647800122.0,,126.71967390992,37.4555236212905
21666,21667,수질오염원설치시설(기타),09_30_12_P,3530000,353000025202100070,2021-07-05,,1,영업/정상,11,영업,,,,,,,,인천광역시 남동구 도림동 658-8 한울빌딩,"인천광역시 남동구 논고개로 345, 한울빌딩 1층 (도림동)",21645,최군안경,2021-07-05 08:41:54,I,2021-12-16 00:22:43,,176096.021033604,435416.228738936,기타수질오염원관리,,,,,0,,0,4761100557.0,,126.730748577738,37.4205588932732
21667,21668,수질오염원설치시설(기타),09_30_12_P,3530000,353000025202100024,2021-06-10,,1,영업/정상,11,영업,,,,,032-422-3204,,,인천광역시 남동구 간석동 206-2,인천광역시 남동구 남동대로 886 (간석동),21545,우리안경 간석점,2021-06-10 08:46:58,I,2021-12-16 00:22:43,,174158.399803242,439972.906342694,기타수질오염원관리,,,,,0,,0,1390404049.0,,126.708699874919,37.4615622259994
21668,21669,수질오염원설치시설(기타),09_30_12_P,3530000,353000025202100081,2021-08-04,,1,영업/정상,11,영업,,,,,032-437-5137,,,인천광역시 남동구 논현동 632-1 칼리오페,"인천광역시 남동구 논고개로123번길 35, 칼리오페 A동 105호 (논현동)",21653,렌즈미 인천논현점,2021-08-04 10:42:13,I,2021-12-16 00:22:43,,175322.829762396,433304.243386176,기타수질오염원관리,,,,,0,,0,7611601099.0,,126.722084707984,37.4015095461166
21669,21670,수질오염원설치시설(기타),09_30_12_P,3530000,353000025202100039,2021-06-17,,1,영업/정상,11,영업,,,,,032-518-5469,,,인천광역시 남동구 서창동 565-1,인천광역시 남동구 장아산로190번길 10-18 (서창동),21607,안경상회 서창점,2021-06-17 18:07:57,I,2021-12-16 00:22:43,,177893.990519411,437053.736470133,기타수질오염원관리,,,,,0,,0,1313406206.0,,126.75101074077,37.4353576041793
21670,21671,수질오염원설치시설(기타),09_30_12_P,3530000,353000025202100043,2021-06-23,,1,영업/정상,11,영업,,,,,032-466-4369,,,인천광역시 남동구 서창동 538 태평아파트,"인천광역시 남동구 장아산로 181, 206동 1507호 (서창동, 태평아파트)",21606,아이포유안경콘택트,2021-06-23 14:04:10,I,2021-12-16 00:22:43,,178004.783301773,437053.224445133,기타수질오염원관리,,,,,0,,0,1313513984.0,,126.75226236239,37.4353548279551
21671,21672,수질오염원설치시설(기타),09_30_12_P,3530000,353000025202100074,2021-07-06,,1,영업/정상,11,영업,,,,,032-433-1001,,,인천광역시 남동구 구월동 1465-1 뉴코아아울렛 인천점,"인천광역시 남동구 인하로 485, 뉴코아아울렛 인천점 (구월동)",21574,피렌체안경,2021-07-06 14:13:53,I,2021-12-16 00:22:43,,173449.265308514,438055.718667539,기타수질오염원관리,,,,,0,,0,1390114134.0,,126.700804207004,37.4445612525883
21672,21673,수질오염원설치시설(기타),09_30_12_P,3530000,353000025202100075,2021-07-06,,1,영업/정상,11,영업,,,,,,,,인천광역시 남동구 논현동 647-1 남동메디칼센터,"인천광역시 남동구 호구포로 221, 남동메디칼센터 1층 107호 (논현동)",21641,밝은눈안경 호구포역점,2021-07-06 14:13:57,I,2021-12-16 00:22:43,,174224.979207798,433447.855135123,기타수질오염원관리,,,,,0,,0,1313219352.0,,126.709680708372,37.4027735125293
22276,22277,수질오염원설치시설(기타),09_30_12_P,3530000,353000025202100047,2021-06-28,,1,영업/정상,11,영업,,,,,032-471-0110,,,인천광역시 남동구 만수동 956 정은프라자,"인천광역시 남동구 구월로 376, 정은프라자 107-108호 (만수동)",21539,인하안경원,2021-06-28 18:05:04,I,2021-12-16 00:22:43,,176246.984172641,439204.59253977,기타수질오염원관리,,,,,0,,0,5637000386.0,,126.732331515338,37.454695025373
22277,22278,수질오염원설치시설(기타),09_30_12_P,3530000,353000025202100048,2021-06-28,,1,영업/정상,11,영업,,,,,032-422-1090,,,인천광역시 남동구 논현동 649-4 보미리즌텔,"인천광역시 남동구 논고개로 93, 보미리즌텔 117-118호 (논현동)",21679,글라스월드앤렌즈베리,2021-06-28 18:05:06,I,2021-12-16 00:22:43,,175562.797530087,433079.845613073,기타수질오염원관리,,,,,0,,0,6721500658.0,,126.724802103064,37.3994932053287
22278,22279,수질오염원설치시설(기타),09_30_12_P,3530000,353000025202100051,2021-07-01,,1,영업/정상,11,영업,,,,,,,,인천광역시 남동구 구월동 1475 벽성빌딩,"인천광역시 남동구 인하로507번길 4, 벽성빌딩 101호 (구월동)",21574,다비치안경 구월동신세계주차타워앞사거리점,2021-07-01 13:11:02,I,2021-12-16 00:22:43,,173666.597202762,437966.878473039,기타수질오염원관리,,,,,0,,0,1022506579.0,,126.703212810865,37.4434741280011
22279,22280,수질오염원설치시설(기타),09_30_12_P,3530000,353000025202100041,2021-06-23,,1,영업/정상,11,영업,,,,,032-462-1006,,,인천광역시 남동구 서창동 687-1,인천광역시 남동구 서창남로 71 (서창동),21614,아이홀릭안경원,2021-06-23 08:53:59,I,2021-12-16 00:22:43,,177667.266198282,435965.810165822,기타수질오염원관리,,,,,0,,0,1212751889.0,,126.748481805163,37.4255491225391
22280,22281,수질오염원설치시설(기타),09_30_12_P,3530000,353000025202100061,2021-07-05,,1,영업/정상,11,영업,,,,,032-471-2663,,,인천광역시 남동구 구월동 1264 퍼스트하임프라자,"인천광역시 남동구 호구포로 818, 퍼스트하임프라자 408호 (구월동)",21534,오라클안경,2021-07-05 08:41:20,I,2021-12-16 00:22:43,,175127.311445245,439299.829381154,기타수질오염원관리,,,,,0,,0,5666900147.0,,126.71967390992,37.4555236212905
22281,22282,수질오염원설치시설(기타),09_30_12_P,3530000,353000025202100063,2021-07-05,,1,영업/정상,11,영업,,,,,070-4148-7942,,,인천광역시 남동구 간석동 616-3 홈플러스,"인천광역시 남동구 경원대로 971, 홈플러스 2층 X8, YC호 (간석동)",21500,알로뷰안경 간석점,2021-07-05 08:41:30,I,2021-12-16 00:22:43,,172419.743721009,440865.63488269,기타수질오염원관리,,,,,0,,0,6655500355.0,,126.688896532259,37.4694813463609
23230,23231,수질오염원설치시설(기타),09_30_12_P,3530000,353000025200800014,2008-06-26,,1,영업/정상,11,영업,,,,,,,,인천광역시 남동구 만수동 884-5,인천광역시 남동구 구월로 371  (만수동),,(주)블루캣츠,2008-06-26 13:54:21,I,2021-12-16 00:22:43,,176246.062756969,439258.438313597,기타수질오염원관리,,,,,0,,0,,,126.732319611455,37.4551810034366
23231,23232,수질오염원설치시설(기타),09_30_12_P,3530000,353000025200800009,2008-05-01,,1,영업/정상,11,영업,,,,,0324295050,,,인천광역시 남동구 간석동 270-9,인천광역시 남동구 경인로 591  (간석동),,가천재활의학과,2008-05-01 18:01:39,I,2021-12-16 00:22:43,,173691.324793892,440338.467446656,기타수질오염원관리,,,,,0,,0,1319154360.0,,126.703407227545,37.4648418869911
23232,23233,수질오염원설치시설(기타),09_30_12_P,3530000,353000025200800021,2008-10-01,,1,영업/정상,11,영업,,,,,0324725536,,,인천광역시 남동구 만수동 968-4,인천광역시 남동구 하촌로 30 (만수동),,오메디칼의원,2015-02-06 14:13:21,I,2021-12-16 00:22:43,,176231.170294114,438748.199540853,기타수질오염원관리,,,,,0,,0,1379067925.0,,126.732167606244,37.450582530941
23233,23234,수질오염원설치시설(기타),09_30_12_P,3530000,353000025200300088,2003-12-05,,1,영업/정상,11,영업,,,,,,,,인천광역시 남동구 만수동 72-38,인천광역시 남동구 만수로 47  (만수동),,만수연세정형외과,2008-05-14 09:13:41,I,2021-12-16 00:22:43,,176358.47497713,439864.353029111,기타수질오염원관리,,,,,0,,0,,,126.733570375982,37.4606423285788
23234,23235,수질오염원설치시설(기타),09_30_12_P,3530000,353000025200300161,2003-12-05,,1,영업/정상,11,영업,,,,,0324235700,,,인천광역시 남동구 구월동 1456 이토타워 3층,"인천광역시 남동구 예술로 138 (구월동,이토타워 3층)",,서울이비인후과의원,2016-02-01 18:05:31,I,2021-12-16 00:22:43,,173473.832260562,438272.102552924,기타수질오염원관리,,,,,0,,0,1319069134.0,,126.701023287431,37.4462178656378
23235,23236,수질오염원설치시설(기타),09_30_12_P,3530000,353000025201000010,2010-10-13,,1,영업/정상,11,영업,,,,,0324657515,,,인천광역시 남동구 만수동 908-27 공성빌딩 4층,"인천광역시 남동구 백범로227번길 95 (만수동,공성빌딩 4층)",,사단법인 기독교국제선교협회 미사랑메디칼의원,2016-02-01 18:04:57,I,2021-12-16 00:22:43,,175476.264525399,439339.539413737,기타수질오염원관리,,,,,0,,0,1318214293.0,,126.723616470816,37.4558907885687
23236,23237,수질오염원설치시설(기타),09_30_12_P,3530000,353000025200300154,2003-12-05,,1,영업/정상,11,영업,,,,,,,,인천광역시 남동구 간석동 211-2,인천광역시 남동구 남동대로 920  (간석동),,의료법인한국의료재단한국방사선과의원,2009-12-22 16:55:33,I,2021-12-16 00:22:43,,174138.491062183,440305.649432691,기타수질오염원관리,,,,,0,,0,,,126.708462855669,37.4645588469758
23237,23238,수질오염원설치시설(기타),09_30_12_P,3530000,353000025200300035,2003-12-05,,1,영업/정상,11,영업,,,,,032-466-6022,,,인천광역시 남동구 구월동 1270-10,"인천광역시 남동구 구월남로 283, 오성빌딩 107호 (구월동)",21534,공간스튜디오,2023-08-11 10:40:46,U,2023-08-13 02:40:00,,175265.373686165,438940.080096403,기타수질오염원관리,,,,,0,,0,1390368217.0,,126.721246423966,37.4522860461599
23361,23362,수질오염원설치시설(기타),09_30_12_P,3530000,353000025200900002,2009-02-04,,1,영업/정상,11,영업,,,,,0328626001,,,인천광역시 남동구 간석동 616-46,인천광역시 남동구 염전로 417 (간석동),405-810,신신교통(주),2014-12-12 09:50:47,I,2021-12-16 00:22:43,,172209.140592474,440892.734909304,기타수질오염원관리,,,,,0,,0,1398100947.0,,126.686684399971,37.4697227379646
23362,23363,수질오염원설치시설(기타),09_30_12_P,3530000,353000025200800020,2008-09-26,,1,영업/정상,11,영업,,,,,0325721330,,,인천광역시 남동구 간석동 616-46,인천광역시 남동구 염전로 417 (간석동),405-810,(주)히트모터스,2024-03-07 15:07:06,U,2024-03-09 02:40:00,,172209.140592474,440892.734909304,기타수질오염원관리,,,,,0,,0,1438135090.0,,126.686684399971,37.4697227379646
23363,23364,수질오염원설치시설(기타),09_30_12_P,3530000,353000025200300115,2003-12-05,,1,영업/정상,11,영업,,,,,4613360,,,인천광역시 남동구 구월동 1255,인천광역시 남동구 구월로 278  (구월동),,신비사진,2011-11-08 09:27:44,I,2021-12-16 00:22:43,,175277.306013131,439300.125334928,기타수질오염원관리,,,,,0,,0,1311954855.0,,126.721369105973,37.4555303331935
23813,23814,수질오염원설치시설(기타),09_30_12_P,3530000,353000025200300155,2003-12-05,,1,영업/정상,11,영업,,,,,0324603551,,,인천광역시 남동구 구월동 1198,인천광역시 남동구 남동대로774번길 21 (구월동),,(의료)길의료재단,2016-08-01 14:00:14,I,2021-12-16 00:22:43,,174200.692948602,438895.603179833,기타수질오염원관리,,,,,0,,0,1398200376.0,,126.709215466962,37.4518561074874
23814,23815,수질오염원설치시설(기타),09_30_12_P,3530000,353000025200300156,2003-12-05,,1,영업/정상,11,영업,,,,,032463 8811,,,인천광역시 남동구 만수동 850-3,인천광역시 남동구 백범로 232-1  (만수동),,박근호정형외과,2009-12-31 14:06:57,I,2021-12-16 00:22:43,,175467.122190604,439865.30914089,기타수질오염원관리,,,,,0,,0,1399601237.0,,126.72349583806,37.4606284661516
23815,23816,수질오염원설치시설(기타),09_30_12_P,3530000,353000025201000001,2010-01-08,,1,영업/정상,11,영업,,,,,0324314972,,,인천광역시 남동구 고잔동 246-18,인천광역시 남동구 청능대로468번길 24 (고잔동),,(주)오토테크 인천,2016-02-23 08:55:44,I,2021-12-16 00:22:43,,174319.192798415,432857.458920174,기타수질오염원관리,,,,,0,,0,1318637450.0,,126.710765069034,37.3974558369006
23816,23817,수질오염원설치시설(기타),09_30_12_P,3530000,353000025201000002,2010-01-11,,1,영업/정상,11,영업,,,,,0324468100,,,인천광역시 남동구 구월동 1470 오아시스빌딩 5층,"인천광역시 남동구 인하로 497-8 (구월동,오아시스빌딩 5층)",,건강샘의원,2014-02-21 15:06:10,I,2021-12-16 00:22:43,,173568.10949729,437976.511599339,기타수질오염원관리,,,,,0,,0,2049172496.0,,126.702099277884,37.4435572831501
23817,23818,수질오염원설치시설(기타),09_30_12_P,3530000,353000025200500019,2005-07-19,,1,영업/정상,11,영업,,,,,0324715820,,,인천광역시 남동구 만수동 961-32,인천광역시 남동구 소래로 701  (만수동),,애니카랜드만수구월점(주),2010-03-31 16:44:03,I,2021-12-16 00:22:43,,176529.953428246,438917.757042218,기타수질오염원관리,,,세차차량,,0,,0,,,126.735538859021,37.45211787708
23818,23819,수질오염원설치시설(기타),09_30_12_P,3530000,353000025201000006,2010-01-21,,1,영업/정상,11,영업,,,,,032  8328071,,,인천광역시 남동구 고잔동 134-11,인천광역시 남동구 청능대로484번길 58 (고잔동),21686,연수자동차서비스,2017-04-25 10:52:02,I,2021-12-16 00:22:43,,174726.100718396,432816.581673435,기타수질오염원관리,,,,,0,,0,,,126.715362079861,37.397099556667
23951,23952,수질오염원설치시설(기타),09_30_12_P,3530000,353000025200300153,2003-12-05,,1,영업/정상,11,영업,,,,,,,,인천광역시 남동구 만수동 886-33,인천광역시 남동구 구월로 345  (만수동),,호 신경외과의원,2009-12-02 10:45:29,I,2021-12-16 00:22:43,,175958.027251332,439288.170437254,기타수질오염원관리,,,,,0,,0,,,126.729063082958,37.455440551876
23952,23953,수질오염원설치시설(기타),09_30_12_P,3530000,353000025201600004,2016-11-11,,1,영업/정상,11,영업,,,,,,,,인천광역시 남동구 고잔동 213-1 외 3필지,,,(주)태안모터스 인천서비스,2017-01-09 15:45:07,I,2021-12-16 00:22:43,,174671.461531528,432250.040474471,기타수질오염원관리,,,,,0,,0,1138539808.0,,,
23953,23954,수질오염원설치시설(기타),09_30_12_P,3530000,353000025201700001,2017-01-09,,1,영업/정상,11,영업,,,,,,,,인천광역시 남동구 고잔동 306-2 외 2필지,,,주식회사 남동서비스,2017-01-09 15:47:40,I,2021-12-16 00:22:43,,174530.067344253,432094.675018133,기타수질오염원관리,,,,,0,,0,,,,
23954,23955,수질오염원설치시설(기타),09_30_12_P,3530000,353000025200700024,2007-09-11,,1,영업/정상,11,영업,,,,,032-450-3020,,,인천광역시 남동구 구월동 288-31,인천광역시 남동구 인주대로 686 (구월동),,스투트가르트 스포츠카(주) 인천 포르쉐 서비스센터,2020-08-20 09:04:35,I,2021-12-16 00:22:43,,174550.331678362,438593.531594288,기타수질오염원관리,,,,,0,,0,1208681617.0,,126.713177338414,37.4491441959957
23955,23956,수질오염원설치시설(기타),09_30_12_P,3530000,353000025200300149,2003-12-05,,1,영업/정상,11,영업,,,,,,,,인천광역시 남동구 간석동 270-9,인천광역시 남동구 경인로 591  (간석동),,연세이룸병원,2007-12-18 16:40:56,I,2021-12-16 00:22:43,사진 처리업,173691.324793892,440338.467446656,기타수질오염원관리,사진 처리업,,,,0,,0,,,126.703407227545,37.4648418869911
23959,23960,수질오염원설치시설(기타),09_30_12_P,3530000,353000025200000002,2000-06-23,,1,영업/정상,11,영업,,,,,,,,인천광역시 남동구 간석동 598-3,인천광역시 남동구 석정로 540-1 (간석동),,원탑코리아공업사,2017-01-26 09:11:59,I,2021-12-16 00:22:43,,173044.021636157,440423.616706762,기타수질오염원관리,,,,,0,,0,,,,
23960,23961,수질오염원설치시설(기타),09_30_12_P,3530000,353000025200400002,2004-02-10,,1,영업/정상,11,영업,,,,,,,405-310,인천광역시 남동구 고잔동 승기천일원,,,진성종합건설(주),2004-02-10 09:10:59,I,2021-12-16 00:22:43,,,,기타수질오염원관리,,,,,0,,0,,,,
23961,23962,수질오염원설치시설(기타),09_30_12_P,3530000,353000025200400018,2004-08-16,,1,영업/정상,11,영업,,,,,,,405-220,인천광역시 남동구 구월동 1457-1,,,위대항연세외과의원,2004-08-16 15:14:54,I,2021-12-16 00:22:43,의원,,,기타수질오염원관리,의원,,,,0,,0,1319112899.0,,126.701807250105,37.4462685908625
23962,23963,수질오염원설치시설(기타),09_30_12_P,3530000,353000025200500009,2005-04-26,,1,영업/정상,11,영업,,,,,,,405-240,인천광역시 남동구 만수동 1020-5,,,Dr송내과의원,2005-04-26 10:44:32,I,2021-12-16 00:22:43,의원,,,기타수질오염원관리,의원,,,,0,,0,,,126.738094923603,37.4436699177854
23963,23964,수질오염원설치시설(기타),09_30_12_P,3530000,353000025200500017,2005-06-09,,1,영업/정상,11,영업,,,,,,,,인천광역시 남동구 간석동 119-9,인천광역시 남동구 백범로 338-1  (간석동),,온사랑병원,2011-12-27 10:40:09,I,2021-12-16 00:22:43,,174543.529855037,440346.121578315,기타수질오염원관리,,,,,0,,0,1319091053.0,,126.71303982286,37.4649346882756
23964,23965,수질오염원설치시설(기타),09_30_12_P,3530000,353000025200600028,2006-12-08,,1,영업/정상,11,영업,,,,,,,,인천광역시 남동구 구월동 1236,인천광역시 남동구 호구포로765번길 9  (구월동),,예사랑마취통증의학과의원,2008-06-10 13:33:38,I,2021-12-16 00:22:43,,174986.671459198,438753.264245941,기타수질오염원관리,,,,,0,,0,1309018817.0,,126.718102974201,37.4505953219421
23965,23966,수질오염원설치시설(기타),09_30_12_P,3530000,353000025200700016,2007-05-10,,1,영업/정상,11,영업,,,,,,,,인천광역시 남동구 구월동 1264-76 302호,"인천광역시 남동구 구월로 274 (구월동,302호)",,유앤미비뇨기과의원,2016-02-01 18:05:05,I,2021-12-16 00:22:43,,175242.868177764,439302.583858924,기타수질오염원관리,,,,,0,,0,,,126.720979891343,37.4555515797613
23966,23967,수질오염원설치시설(기타),09_30_12_P,3530000,353000025201600001,2016-06-30,,1,영업/정상,11,영업,,,,,428-0275,,,인천광역시 남동구 논현동 561-2,"인천광역시 남동구 남동대로370번길 113 (논현동, 우진프라자)",21636,조은동물병원,2016-06-30 09:19:26,I,2021-12-16 00:22:43,,174438.233295836,434679.600962732,기타수질오염원관리,,,,,0,,0,5062450950.0,,126.712046495158,37.4138774860871
23967,23968,수질오염원설치시설(기타),09_30_12_P,3530000,353000025200300171,2003-12-05,,1,영업/정상,11,영업,,,,,032 4650221,,,인천광역시 남동구 만수동 898-7,,,전내과의원,2016-03-21 11:44:28,I,2021-12-16 00:22:43,,,,기타수질오염원관리,,,,,0,,0,1319074772.0,,126.725358828357,37.4597547767165
24516,24517,수질오염원설치시설(기타),09_30_12_P,3530000,353000025201200012,2012-05-31,,1,영업/정상,11,영업,,,,,442-0003,,,"인천광역시 남동구 논현동 아이플렉스상가 301,302호",,,서울365 소아청소년과의원,2012-05-31 17:41:26,I,2021-12-16 00:22:43,,,,기타수질오염원관리,,,,,0,,0,1359190941.0,,,
24517,24518,수질오염원설치시설(기타),09_30_12_P,3530000,353000025200500020,2005-12-08,,1,영업/정상,11,영업,,,,,,,,인천광역시 남동구 간석동 616-91,인천광역시 남동구 방축로 404 (간석동),,간석현대자동차공업사,2016-11-16 13:17:31,I,2021-12-16 00:22:43,,172240.132471128,441041.899174981,기타수질오염원관리,,,,,0,,0,1312690219.0,,126.686977275872,37.4711371943334
25131,25132,수질오염원설치시설(기타),09_30_12_P,3530000,353000025201200015,2012-07-27,,1,영업/정상,11,영업,,,,,438-5800,,,인천광역시 남동구 논현동 632-1,"인천광역시 남동구 논고개로123번길 35 (논현동, 칼리오페 10층전체)",405-825,(의)정강의료재단 위드미요양병원,2018-06-01 11:05:41,I,2021-12-16 00:22:43,,175322.829762396,433304.243386176,기타수질오염원관리,,,,,0,,0,1318215410.0,,126.722084707984,37.4015095461166
25133,25134,수질오염원설치시설(기타),09_30_12_P,3530000,353000025201400003,2014-02-06,,1,영업/정상,11,영업,,,,,032-433-7575,,,인천광역시 남동구 간석동 341-4,인천광역시 남동구 석산로 119 (간석동),405-807,의료법인 정진의료재단 우리연세의원,2014-02-06 11:19:56,I,2021-12-16 00:22:43,,173838.647181787,439851.950470521,기타수질오염원관리,,,,,0,,0,1318216312.0,,126.70511451006,37.4604138276124
25134,25135,수질오염원설치시설(기타),09_30_12_P,3530000,353000025201400005,2014-03-31,,1,영업/정상,11,영업,,,,,4391800,,,인천광역시 남동구 논현동 636-6 대양프라자,"인천광역시 남동구 호구포로 212, 6,7층 (논현동, 대양프라자)",405-825,다인의료소비자생활협동조합 인천논현요양병원,2014-03-31 11:08:11,I,2021-12-16 00:22:43,,174243.87091126,433334.185345306,기타수질오염원관리,,,,,0,,0,1318215254.0,,126.709898003927,37.4017498587026
25135,25136,수질오염원설치시설(기타),09_30_12_P,3530000,353000025201400012,2014-07-03,,1,영업/정상,11,영업,,,,,4465600,,,인천광역시 남동구 고잔동 257-48,,,남동서비스 기아오토큐(주),2022-07-19 09:03:58,U,2022-07-21 02:40:00,,,,기타수질오염원관리,,,,,0,,0,1398130664.0,,126.71073530327,37.3993236657748
26191,26192,수질오염원설치시설(기타),09_30_12_P,3530000,353000025201000005,2010-01-21,,1,영업/정상,11,영업,,,,,0324627507,,,인천광역시 남동구 만수동 1041-5,인천광역시 남동구 장승남로 46  (만수동),,이레마취통증의학과,2010-01-21 17:13:22,I,2021-12-16 00:22:43,,176679.339600887,437930.393881467,기타수질오염원관리,,,,,0,,0,1349148571.0,,126.737258436172,37.443225574127
26362,26363,수질오염원설치시설(기타),09_30_12_P,3530000,353000025201700006,2017-12-21,,1,영업/정상,11,영업,,,,,,,,인천광역시 남동구 운연동 273,인천광역시 남동구 운연로 148-18 (운연동),21601,(주)운연공업사,2017-12-21 14:31:27,I,2021-12-16 00:22:43,,179225.419532319,437288.116673873,기타수질오염원관리,,,,,0,,0,8018100891.0,,126.766049086307,37.4374957064714
26363,26364,수질오염원설치시설(기타),09_30_12_P,3530000,353000025201700004,2017-06-14,,1,영업/정상,11,영업,,,,,,,,인천광역시 남동구 고잔동 241-3,인천광역시 남동구 논현고잔로 127-11 (고잔동),21686,브로케이모터스,2023-10-04 11:00:34,U,2023-10-06 02:40:00,,174464.80591437,432547.952230287,기타수질오염원관리,,,,,0,,0,,,126.712420490442,37.3946720316979
26364,26365,수질오염원설치시설(기타),09_30_12_P,3530000,353000025202000001,2020-01-15,,1,영업/정상,11,영업,,,,,,,,인천광역시 남동구 운연동 295,인천광역시 남동구 음실로 33 (운연동),21601,신호모터스,2020-01-15 18:00:30,I,2021-12-16 00:22:43,,179292.158800755,437603.28528154,기타수질오염원관리,,,,,0,,0,3034000088.0,,126.766793032489,37.4403406850914
26365,26366,수질오염원설치시설(기타),09_30_12_P,3530000,353000025201800002,2018-12-20,,1,영업/정상,11,영업,,,,,,,,인천광역시 남동구 고잔동 512-20,인천광역시 남동구 아암대로 1273 (고잔동),21689,아주네트웍스(주) 인천남동서비스,2018-12-20 17:02:50,I,2021-12-16 00:22:43,,174238.311567131,431327.790441563,기타수질오염원관리,,,,,0,,0,2148800795.0,,126.709904998863,37.383671190681
26366,26367,수질오염원설치시설(기타),09_30_12_P,3530000,353000025202100072,2021-07-06,,1,영업/정상,11,영업,,,,,032-466-0110,,,인천광역시 남동구 서창동 686-1,"인천광역시 남동구 서창남순환로215번길 48, 112-113호 (서창동)",21614,착한안경,2022-03-14 17:32:52,U,2022-03-16 02:40:00,,177588.524052705,436035.11008762,기타수질오염원관리,,,,,0,,0,2233101265.0,,126.74759001948,37.4261716252616
26367,26368,수질오염원설치시설(기타),09_30_12_P,3530000,353000025202100073,2021-07-06,,1,영업/정상,11,영업,,,,,032-475-7050,,,인천광역시 남동구 서창동 704-3 MS프라자,"인천광역시 남동구 서창남순환로216번길 46, MS프라자 107호 (서창동)",21617,안경114사이버안경원,2021-07-06 14:13:49,I,2021-12-16 00:22:43,,177749.110576256,435598.52094239,기타수질오염원관리,,,,,0,,0,4160299833.0,,126.749417546134,37.4222417700023
26368,26369,수질오염원설치시설(기타),09_30_12_P,3530000,353000025202100076,2021-07-06,,1,영업/정상,11,영업,,,,,,,,인천광역시 남동구 구월동 1395-4,인천광역시 남동구 문화서로 8 (구월동),21568,윤안경원,2021-07-06 14:14:01,I,2021-12-16 00:22:43,,173004.126514573,438250.203161126,기타수질오염원관리,,,,,0,,0,1390214562.0,,126.695716146364,37.4460069099523
26369,26370,수질오염원설치시설(기타),09_30_12_P,3530000,353000025202100077,2021-07-06,,1,영업/정상,11,영업,,,,,032-432-7677,,,인천광역시 남동구 구월동 1467-1 대건빌딩,"인천광역시 남동구 인하로 497-15, 대건빌딩 (구월동)",21574,렌즈미 구월점(글라스미안경),2021-07-06 14:14:07,I,2021-12-16 00:22:43,,173531.877886023,438053.223476239,기타수질오염원관리,,,,,0,,0,2374000078.0,,126.701337244515,37.4442795930523
26370,26371,수질오염원설치시설(기타),09_30_12_P,3530000,353000025202100078,2021-07-06,,1,영업/정상,11,영업,,,,,032-437-1005,,,인천광역시 남동구 구월동 1470 오아시스빌딩,"인천광역시 남동구 인하로 497-8, 오아시스빌딩 (구월동)",21574,아이만안경 구월점,2021-07-06 14:14:11,I,2021-12-16 00:22:43,,173568.10949729,437976.511599339,기타수질오염원관리,,,,,0,,0,1318668496.0,,126.702099277884,37.4435572831501
26371,26372,수질오염원설치시설(기타),09_30_12_P,3530000,353000025202100082,2021-08-20,,1,영업/정상,11,영업,,,,,032-441-5050,,,인천광역시 남동구 논현동 631-8 광성프라자,"인천광역시 남동구 청능대로 581, 광성프라자 가동 2층 201호 (논현동)",21653,으뜸50안경 인천논현점,2021-08-20 11:26:34,I,2021-12-16 00:22:43,,175457.249689901,433279.105185572,기타수질오염원관리,,,,,0,,0,1171645403.0,,126.723603681077,37.4012865905695
26832,26833,수질오염원설치시설(기타),09_30_12_P,3530000,353000025200300157,2003-02-02,,1,영업/정상,11,영업,,,,,0324698001,,,인천광역시 남동구 구월동 1248-48,인천광역시 남동구 호구포로 863  (구월동),,희망포토스튜디오,2010-02-02 13:27:44,I,2021-12-16 00:22:43,,175123.852238044,439735.329457368,기타수질오염원관리,,,,,0,,0,,,126.719620042711,37.4594473911351
26833,26834,수질오염원설치시설(기타),09_30_12_P,3530000,353000025201000009,2010-07-21,,1,영업/정상,11,영업,,,,,0324310119,,,인천광역시 남동구 간석동 916-22,인천광역시 남동구 호구포로 893  (간석동),,인천속내과의원,2010-07-21 14:28:04,I,2021-12-16 00:22:43,,175158.88779289,440036.702338185,기타수질오염원관리,,,,,0,,0,1319182342.0,,126.720005852414,37.4621636775594
26834,26835,수질오염원설치시설(기타),09_30_12_P,3530000,353000025201200001,2012-01-09,,1,영업/정상,11,영업,,,,,4690313,,,인천광역시 남동구 만수동 1117-2,인천광역시 남동구 만수서로 56 (만수동),,연세수소아청소년과의원,2016-07-12 13:13:18,I,2021-12-16 00:22:43,,176238.496099662,439952.636778956,기타수질오염원관리,,,,,0,,0,1313356015.0,,126.73221141645,37.4614346681279
26835,26836,수질오염원설치시설(기타),09_30_12_P,3530000,353000025201200005,2012-04-04,,1,영업/정상,11,영업,,,,,4638875,,,인천광역시 남동구 구월동 1267-11 4층,인천광역시 남동구 호구포로 808 (구월동),405-224,오케이재활의학과의원,2012-04-04 09:45:24,I,2021-12-16 00:22:43,,175117.818945094,439184.176550538,기타수질오염원관리,,,,,0,,0,1319205186.0,,,
26836,26837,수질오염원설치시설(기타),09_30_12_P,3530000,353000025201200007,2012-05-08,,1,영업/정상,11,영업,,,,,032-549-8457,,,인천광역시 남동구 서창동 565-7 정선빌딩 2층,"인천광역시 남동구 장아산로 186 (서창동,정선빌딩 2층)",,서울검사(주),2023-07-06 09:09:30,U,2023-07-08 02:40:00,,177933.43265385,437002.995145137,기타수질오염원관리,,,,,0,,0,2138179460.0,,126.751458002887,37.4349013710652
26837,26838,수질오염원설치시설(기타),09_30_12_P,3530000,353000025201200008,2012-05-08,,1,영업/정상,11,영업,,,,,031-494-4686,,,인천광역시 남동구 서창동 565-7 정선빌딩 2층,"인천광역시 남동구 장아산로 186 (서창동,정선빌딩 2층)",,(주)인스펙트,2023-07-06 09:09:32,U,2023-07-08 02:40:00,,177933.43265385,437002.995145137,기타수질오염원관리,,,,,0,,0,2148730313.0,,126.751458002887,37.4349013710652
26838,26839,수질오염원설치시설(기타),09_30_12_P,3530000,353000025201200009,2012-05-15,,1,영업/정상,11,영업,,,,,0324357585,,,인천광역시 남동구 논현동 RC14-4롯트,,,열린이비인후과,2012-05-15 17:30:36,I,2021-12-16 00:22:43,,,,기타수질오염원관리,,,,,0,,0,1319207976.0,,,
26964,26965,수질오염원설치시설(기타),09_30_12_P,3530000,353000025202100004,2021-04-12,,1,영업/정상,11,영업,,,,,032-422-6367,,,인천광역시 남동구 간석동 917-6,인천광역시 남동구 호구포로 901 (간석동),21512,행복한안경원,2021-04-12 16:48:10,I,2021-12-16 00:22:43,,175173.581244478,440116.672227374,기타수질오염원관리,,,,,0,,0,1312988505.0,,126.720169323155,37.4628846016888
26965,26966,수질오염원설치시설(기타),09_30_12_P,3530000,353000025202100055,2021-07-01,,1,영업/정상,11,영업,,,,,032-462-0085,,,인천광역시 남동구 만수동 956-2 상지프라자,"인천광역시 남동구 백범로 123, 상지프라자 (만수동)",21539,남대문안경,2021-07-01 13:11:26,I,2021-12-16 00:22:43,,176319.173461977,439194.869630717,기타수질오염원관리,,,,,0,,0,1313722250.0,,126.732331515338,37.454695025373
26966,26967,수질오염원설치시설(기타),09_30_12_P,3530000,353000025202100060,2021-07-01,,1,영업/정상,11,영업,,,,,032-429-9456,,,인천광역시 남동구 구월동 1456 이토타워,"인천광역시 남동구 예술로 138, 이토타워 115호 (구월동)",21573,타워안경원,2021-07-01 13:11:47,I,2021-12-16 00:22:43,,173473.832260562,438272.102552924,기타수질오염원관리,,,,,0,,0,2171230615.0,,126.701023287431,37.4462178656378
26967,26968,수질오염원설치시설(기타),09_30_12_P,3530000,353000025202100036,2021-06-17,,1,영업/정상,11,영업,,,,,032-425-2800,,,인천광역시 남동구 논현동 746-2,인천광역시 남동구 논고개로 85 (논현동),21679,k비젼안경 인천논현점,2021-06-17 18:04:52,I,2021-12-16 00:22:43,,175634.021893594,433011.167320661,기타수질오염원관리,,,,,0,,0,5806000215.0,,126.72560880998,37.3988763505019
26968,26969,수질오염원설치시설(기타),09_30_12_P,3530000,353000025202100038,2021-06-17,,1,영업/정상,11,영업,,,,,032-435-2752,,,인천광역시 남동구 논현동 649-3 아름다운타워,"인천광역시 남동구 논고개로 101, 아름다운타워 (논현동)",21679,지니스안경 인천논현점,2021-06-17 18:06:56,I,2021-12-16 00:22:43,,175520.129279911,433137.839559028,기타수질오염원관리,,,,,0,,0,6010314332.0,,126.724318509026,37.400015480575
26969,26970,수질오염원설치시설(기타),09_30_12_P,3530000,353000025202100033,2021-06-17,,1,영업/정상,11,영업,,,,,032-468-8887,,,인천광역시 남동구 간석동 939-1 간석래미안자이아파트 상가3동,"인천광역시 남동구 석산로 172, 간석래미안자이아파트 상가3동 3동 101호 (간석동)",21548,신스토리안경(간석올리브점),2021-06-17 09:24:45,I,2021-12-16 00:22:43,,174325.457146305,439672.231031271,기타수질오염원관리,,,,,0,,0,4780400818.0,,126.694995623869,37.4651788064458
27396,27397,수질오염원설치시설(기타),09_30_12_P,3530000,353000025201200002,2012-01-12,,1,영업/정상,11,영업,,,,,442-4100,,,인천광역시 남동구 간석동 616-87 동부자동차공업사,"인천광역시 남동구 방축로 394, 동부자동차공업사 (간석동)",21500,동부자동차공업사,2022-04-19 13:13:39,U,2022-04-21 02:40:00,,172154.726859632,441103.192981701,기타수질오염원관리,,,,,0,,0,1310853258.0,,126.686009453497,37.4716868536965
27397,27398,수질오염원설치시설(기타),09_30_12_P,3530000,353000025201100012,2011-11-21,,1,영업/정상,11,영업,,,,,5790351,,,인천광역시 남동구 고잔동 407-3,인천광역시 남동구 앵고개로719번길 82  (고잔동),,제일자동차공업사,2012-05-31 09:16:10,I,2021-12-16 00:22:43,,175040.755994458,432270.179551053,기타수질오염원관리,,,,,0,,0,,,126.718920860118,37.3921728263516
27398,27399,수질오염원설치시설(기타),09_30_12_P,3530000,353000025200500005,2005-03-10,,1,영업/정상,11,영업,,,,,,,,인천광역시 남동구 고잔동 530-1,,,성진카프라자,2022-02-28 20:35:43,U,2022-03-02 02:40:00,,174439.647124725,431823.914738385,기타수질오염원관리,,,,,0,,0,5585300747.0,,126.712161416173,37.3881477483591
27399,27400,수질오염원설치시설(기타),09_30_12_P,3530000,353000025200400022,2004-09-14,,1,영업/정상,11,영업,,,,,4269275,,,인천광역시 남동구 구월동 1457-1,"인천광역시 남동구 성말로13번길 15, 301호 (구월동, 메인프라자)",405-220,위대항맥외과의원,2013-01-05 13:40:48,I,2021-12-16 00:22:43,,173543.197780644,438277.423455367,기타수질오염원관리,,,,,0,,0,1319217533.0,,126.701807250105,37.4462685908625
27400,27401,수질오염원설치시설(기타),09_30_12_P,3530000,353000025201100015,2011-12-02,,1,영업/정상,11,영업,,,,,,,,인천광역시 남동구 간석동 283-18 루카이스타워 3층,"인천광역시 남동구 남동대로 893  (간석동,루카이스타워 3층)",,우리마취통증의학과의원,2011-12-02 17:46:51,I,2021-12-16 00:22:43,,174095.61752719,440030.288855756,기타수질오염원관리,,,,,0,,0,1319198785.0,,126.707987924639,37.4620766568799
27401,27402,수질오염원설치시설(기타),09_30_12_P,3530000,353000025200600211,2006-03-09,,1,영업/정상,11,영업,,,,,,,,인천광역시 남동구 구월동 1457-1,인천광역시 남동구 성말로13번길 15  (구월동),,장수찬신경외과,2011-12-13 11:38:02,I,2021-12-16 00:22:43,,173543.197780644,438277.423455367,기타수질오염원관리,,,,,0,,0,,,126.701807250105,37.4462685908625
27402,27403,수질오염원설치시설(기타),09_30_12_P,3530000,353000025200500006,2005-04-18,,1,영업/정상,11,영업,,,,,,,405-310,인천광역시 남동구 고잔동 246-17,,,1급논현현대기아모터스,2005-04-18 10:45:22,I,2021-12-16 00:22:43,,,,기타수질오염원관리,,,,,0,,0,,,126.710827127095,37.3980289464831
27403,27404,수질오염원설치시설(기타),09_30_12_P,3530000,353000025201200003,2012-02-22,,1,영업/정상,11,영업,,,,,0324288275,,,인천광역시 남동구 간석동 216-4 2층,"인천광역시 남동구 백범로 400  (간석동,2층)",,마이펫동물병원,2012-02-22 09:08:26,I,2021-12-16 00:22:43,,173998.976181406,440636.703499565,기타수질오염원관리,,,,,0,,0,1312096870.0,,126.706874149633,37.4675377045316
27404,27405,수질오염원설치시설(기타),09_30_12_P,3530000,353000025201100016,2011-12-20,,1,영업/정상,11,영업,,,,,4465700,,,인천광역시 남동구 고잔동 257-59,인천광역시 남동구 청능대로458번길 1 (고잔동),,상일자동차공업사(주),2018-05-29 14:41:56,I,2021-12-16 00:22:43,,174253.553808125,432978.133755057,기타수질오염원관리,,,,,0,,0,1312811839.0,,126.710019804557,37.3985420817118
27498,27499,수질오염원설치시설(기타),09_30_12_P,3530000,353000025201400007,2014-04-04,,1,영업/정상,11,영업,,,,,,,,인천광역시 남동구 고잔동 355,인천광역시 남동구 앵고개로 703 (고잔동),21677,아이피모터스,2018-10-25 17:54:34,I,2021-12-16 00:22:43,,174765.539431625,431906.130921515,기타수질오염원관리,,,,,0,,0,8224400063.0,,126.715842088132,37.3888927835459
27499,27500,수질오염원설치시설(기타),09_30_12_P,3530000,353000025199600002,2004-11-24,,1,영업/정상,11,영업,,,,,0324426660,,,인천광역시 남동구 고잔동 184,인천광역시 남동구 고잔로 8-5 (고잔동),,(주)서울폐차사업소,2015-01-11 09:48:59,I,2021-12-16 00:22:43,,174742.854620659,432588.399798026,기타수질오염원관리,,,,,0,,0,1398126286.0,,126.715548748774,37.3950407267886
27500,27501,수질오염원설치시설(기타),09_30_12_P,3530000,353000025200900020,2009-09-21,,1,영업/정상,11,영업,,,,,0324280075,,,인천광역시 남동구 논현동 636-3,인천광역시 남동구 호구포로 220 (논현동),,조은아산내과의원,2015-01-16 15:58:07,I,2021-12-16 00:22:43,,174283.497054239,433404.094788074,기타수질오염원관리,,,,,0,,0,1319245117.0,,126.710343162014,37.4023808517775
28078,28079,수질오염원설치시설(기타),09_30_12_P,3530000,353000025201000008,2010-05-10,,1,영업/정상,11,영업,,,,,0324268600,,,인천광역시 남동구 논현동 616-3,인천광역시 남동구 논고개로 114  (논현동),,연세에코비뇨기과의원,2010-05-10 11:46:44,I,2021-12-16 00:22:43,,175552.499646646,433297.530308429,기타수질오염원관리,,,,,0,,0,1219059075.0,,126.72467860224,37.4014543451791
28079,28080,수질오염원설치시설(기타),09_30_12_P,3530000,353000025200400024,2004-10-05,,1,영업/정상,11,영업,,,,,,,405-220,인천광역시 남동구 구월동 1455,인천광역시 남동구 예술로 148  (구월동),,아리사진관,2004-10-05 09:55:51,I,2021-12-16 00:22:43,,173523.274957491,438366.029400914,기타수질오염원관리,,,,,0,,0,,,126.701578633231,37.4470654987355
28080,28081,수질오염원설치시설(기타),09_30_12_P,3530000,353000025200600003,2006-06-23,,1,영업/정상,11,영업,,,,,4269275,,,인천광역시 남동구 구월동 1457-1 메인프라자 301호,"인천광역시 남동구 성말로13번길 15  (구월동,메인프라자 301호)",,서울하지외과의원,2008-06-28 09:07:43,I,2021-12-16 00:22:43,,173543.197780644,438277.423455367,기타수질오염원관리,,,,,0,,0,1319155694.0,,126.701807250105,37.4462685908625
28081,28082,수질오염원설치시설(기타),09_30_12_P,3530000,353000025200600020,2006-11-21,,1,영업/정상,11,영업,,,,,,,,인천광역시 남동구 고잔동 369,인천광역시 남동구 고잔로 66  (고잔동),,영진자동차공업사,2010-05-10 11:46:59,I,2021-12-16 00:22:43,,174842.321334591,432128.296911034,기타수질오염원관리,,,,,0,,0,,,126.716713932403,37.3908808135796
28082,28083,수질오염원설치시설(기타),09_30_12_P,3530000,353000025200700009,2007-02-12,,1,영업/정상,11,영업,,,,,,,,인천광역시 남동구 구월동 1264 퍼스트하임프라자 2층1,"인천광역시 남동구 호구포로 818  (구월동,퍼스트하임프라자 2층1)",,서울삼성내과의원,2011-01-03 09:54:39,I,2021-12-16 00:22:43,,175127.311445245,439299.829381154,기타수질오염원관리,,,,,0,,0,,,126.71967390992,37.4555236212905
28083,28084,수질오염원설치시설(기타),09_30_12_P,3530000,353000025200800004,2008-03-12,,1,영업/정상,11,영업,,,,,,,,인천광역시 남동구 구월동 1194-1,인천광역시 남동구 인주대로 646  (구월동),,마이스터 모터스(주),2008-03-12 17:04:50,I,2021-12-16 00:22:43,,174148.751113312,438618.927510257,기타수질오염원관리,,,,,0,,0,,,,
28084,28085,수질오염원설치시설(기타),09_30_12_P,3530000,353000025200800005,2008-03-26,,1,영업/정상,11,영업,,,,,0324396114,,,인천광역시 남동구 구월동 1454 남동빌딩 2층,"인천광역시 남동구 예술로140번길 29 (구월동,남동빌딩 2층)",,손지원내과의원,2014-09-26 16:39:13,I,2021-12-16 00:22:43,,173598.728034194,438321.105118398,기타수질오염원관리,,,,,0,,0,1319153871.0,,126.702432884343,37.4466629184132
28085,28086,수질오염원설치시설(기타),09_30_12_P,3530000,353000025200800008,2008-04-29,,1,영업/정상,11,영업,,,,,,,,인천광역시 남동구 간석동 207-3 4층,"인천광역시 남동구 남동대로 892 (간석동,4층)",,미래신경과의원,2016-02-01 18:05:39,I,2021-12-16 00:22:43,,174155.130084859,440030.87613459,기타수질오염원관리,,,,,0,,0,,,126.708660551578,37.4620836330125
28086,28087,수질오염원설치시설(기타),09_30_12_P,3530000,353000025200300104,2003-12-05,,1,영업/정상,11,영업,,,,,8680072,,,인천광역시 남동구 구월동 276-1,인천광역시 남동구 인주대로676번길 10 (구월동),,상정메디칼의원,2015-07-03 08:52:09,I,2021-12-16 00:22:43,,174435.757374106,438575.093394218,기타수질오염원관리,,,,,0,,0,1318215268.0,,126.711883311712,37.4489757130082
28087,28088,수질오염원설치시설(기타),09_30_12_P,3530000,353000025200800025,2008-11-27,,1,영업/정상,11,영업,,,,,4337175,,,인천광역시 남동구 논현동 631-2,"인천광역시 남동구 논고개로123번길 45, 태성프라자 302동 (논현동)",21653,조수신소아청소년과의원,2017-12-13 10:06:10,I,2021-12-16 00:22:43,,175252.204660883,433303.497100941,기타수질오염원관리,,,,,0,,0,1319154962.0,,126.721286927089,37.4015000997426
28088,28089,수질오염원설치시설(기타),09_30_12_P,3530000,353000025200300152,2003-12-05,,1,영업/정상,11,영업,,,,,032463 4001,,,인천광역시 남동구 만수동 1008,인천광역시 남동구 소래로 633  (만수동),,남동구보건소,2009-02-09 17:24:49,I,2021-12-16 00:22:43,,176152.45990367,438373.324999492,기타수질오염원관리,,,,,0,,0,1398300107.0,,126.731481659329,37.4470896456097
28089,28090,수질오염원설치시설(기타),09_30_12_P,3530000,353000025200900014,2009-06-02,,1,영업/정상,11,영업,,,,,0324660101,,,인천광역시 남동구 구월동 1255-2 연세메티칼빌딩 3층,"인천광역시 남동구 구월로 280  (구월동,연세메티칼빌딩 3층)",,인하내과의원,2009-06-02 10:43:46,I,2021-12-16 00:22:43,,175302.342019566,439298.836735796,기타수질오염원관리,,,,,0,,0,1319110168.0,,126.721652154359,37.4555193771588
28090,28091,수질오염원설치시설(기타),09_30_12_P,3530000,353000025200900016,2009-07-14,,1,영업/정상,11,영업,,,,,0324420003,,,인천광역시 남동구 논현동 632-2 아이플렉스 301,"인천광역시 남동구 논고개로123번길 17  (논현동,아이플렉스 301)",,논현드림소아청소년과의원,2011-01-04 15:52:42,I,2021-12-16 00:22:43,,175411.593577176,433323.533492479,기타수질오염원관리,,,,,0,,0,1399019531.0,,126.723086302038,37.4016848915801
28091,28092,수질오염원설치시설(기타),09_30_12_P,3530000,353000025200300121,2003-12-05,,1,영업/정상,11,영업,,,,,0324631888,,,인천광역시 남동구 만수동 39 만수프라자 203호,"인천광역시 남동구 백범로 132,  203호 (만수동,만수프라자)",,임창순이빈인후과,2010-03-08 10:22:29,I,2021-12-16 00:22:43,,176285.866268177,439312.667832693,기타수질오염원관리,,,,,0,,0,1319604720.0,,126.732767472858,37.4556698240061
28092,28093,수질오염원설치시설(기타),09_30_12_P,3530000,353000025200900025,2009-12-30,,1,영업/정상,11,영업,,,,,,,,인천광역시 남동구 간석동 208-2,인천광역시 남동구 남동대로 902-1  (간석동),,위성정형외과,2009-12-31 14:05:50,I,2021-12-16 00:22:43,,174149.4200907,440125.719372257,기타수질오염원관리,,,,,0,,0,1399026084.0,,126.708592917529,37.4629387939003
28652,28653,수질오염원설치시설(기타),09_30_12_P,3530000,353000025202100062,2021-07-05,,1,영업/정상,11,영업,,,,,032-469-8100,,,인천광역시 남동구 서창동 691-2,"인천광역시 남동구 서창남순환로215번길 17, 118호 (서창동)",21614,아이젠트리 인천서창점,2021-07-05 08:41:25,I,2021-12-16 00:22:43,,177584.32186028,435875.950141669,기타수질오염원관리,,,,,0,,0,5720401574.0,,126.747547383968,37.4247374784076
28706,28707,수질오염원설치시설(기타),09_30_12_P,3530000,353000025202100034,2021-06-17,,1,영업/정상,11,영업,,,,,032-439-9001,,,인천광역시 남동구 구월동 1463-2 로데오프라자,"인천광역시 남동구 인하로489번길 28, 로데오프라자 404호 (구월동)",21574,으뜸플러스(인천구월점),2021-06-17 09:24:47,I,2021-12-16 00:22:43,,173514.91700388,438120.618019466,기타수질오염원관리,,,,,0,,0,1540501747.0,,126.70153995528,37.4451951722422
28707,28708,수질오염원설치시설(기타),09_30_12_P,3530000,353000025202100014,2021-06-01,,1,영업/정상,11,영업,,,,,032-467-0001,,,인천광역시 남동구 만수동 72-16,인천광역시 남동구 만수로 49 (만수동),21524,안경닥터만수점,2021-06-01 08:37:43,I,2021-12-16 00:22:43,,176379.406691937,439864.859925642,기타수질오염원관리,,,,,0,,0,1222529810.0,,126.733807042625,37.4606474570637
28708,28709,수질오염원설치시설(기타),09_30_12_P,3530000,353000025202100015,2021-06-01,,1,영업/정상,11,영업,,,,,032-466-7942,,,인천광역시 남동구 만수동 71-15,"인천광역시 남동구 만수로 71, 1층 (만수동)",21521,1001안경콘텍트,2021-06-01 08:37:45,I,2021-12-16 00:22:43,,176517.815064798,440001.168079466,기타수질오염원관리,,,,,0,,0,1313025184.0,,126.735367037724,37.4618790366835
28709,28710,수질오염원설치시설(기타),09_30_12_P,3530000,353000025202100080,2021-07-19,,1,영업/정상,11,영업,,,,,,,,인천광역시 남동구 장수동 778-8,인천광역시 남동구 장자북로 32 (장수동),21532,(주)아이텍기술,2023-05-04 16:30:25,U,2023-05-07 02:40:00,,178118.879114085,438843.995860783,기타수질오염원관리,,,,,0,,0,2298110622.0,,126.75349832758,37.4514922946505
28710,28711,수질오염원설치시설(기타),09_30_12_P,3530000,353000025202100026,2021-06-17,,1,영업/정상,11,영업,,,,,032-715-6353,,,인천광역시 남동구 간석동 302-8 대성프라자,"인천광역시 남동구 석산로141번길 1, 대성프라자 (간석동)",21550,바라보다 안경콘텍트,2021-06-17 09:01:20,I,2021-12-16 00:22:43,,174044.401004818,439863.867330557,기타수질오염원관리,,,,,0,,0,8220200554.0,,126.707414935394,37.4605757805092
28711,28712,수질오염원설치시설(기타),09_30_12_P,3530000,353000025202100030,2021-06-17,,1,영업/정상,11,영업,,,,,032-472-2834,,,인천광역시 남동구 만수동 885-12 신원빌딩,"인천광역시 남동구 구월로 359, 신원빌딩 (만수동)",21543,다비치안경 만수점,2021-06-17 09:23:41,I,2021-12-16 00:22:43,,176116.363863194,439272.900453063,기타수질오염원관리,,,,,0,,0,1313606495.0,,126.729995656623,37.4556528918825
28712,28713,수질오염원설치시설(기타),09_30_12_P,3530000,353000025202100031,2021-06-17,,1,영업/정상,11,영업,,,,,032-429-5505,,,인천광역시 남동구 논현동 636-2 THE CLASS PLAZA,"인천광역시 남동구 논현로 40, THE CLASS PLAZA (논현동)",21655,더클래스안경 호구포점,2021-06-17 09:23:42,I,2021-12-16 00:22:43,,174314.914746585,433391.552808899,기타수질오염원관리,,,,,0,,0,1313462469.0,,126.710698122274,37.4022679222351
28713,28714,수질오염원설치시설(기타),09_30_12_P,3530000,353000025202100032,2021-06-17,,1,영업/정상,11,영업,,,,,032-471-9080,,,인천광역시 남동구 남촌동 349-2,인천광역시 남동구 남촌동로 38 (남촌동),21623,행복한안경,2021-06-17 09:23:43,I,2021-12-16 00:22:43,,174674.582155086,436712.423049522,기타수질오염원관리,,,,,0,,0,1312059685.0,,126.714652995591,37.4322277490608
28714,28715,수질오염원설치시설(기타),09_30_12_P,3530000,353000025202100008,2021-05-07,,1,영업/정상,11,영업,,,,,032-435-4002,,,인천광역시 남동구 논현동 631-11 에스닷몰,"인천광역시 남동구 논고개로 121, 에스닷몰 1층 107호 (논현동)",21653,드라마 안경콘택트,2021-05-07 11:34:57,I,2021-12-16 00:22:43,,175471.95407327,433350.427897837,기타수질오염원관리,,,,,0,,0,1313049454.0,,126.723767343795,37.401929579347
28715,28716,수질오염원설치시설(기타),09_30_12_P,3530000,353000025202100010,2021-05-07,,1,영업/정상,11,영업,,,,,032-425-1001,,,인천광역시 남동구 간석동 617-40 103호,"인천광역시 남동구 석정로 507, 103호 (간석동)",21502,하이눈안경,2021-05-07 11:35:06,I,2021-12-16 00:22:43,,172689.067731482,440461.129965425,기타수질오염원관리,,,,,0,,0,1390760829.0,,126.692073758263,37.4659178940952
28716,28717,수질오염원설치시설(기타),09_30_12_P,3530000,353000025202100012,2021-05-13,,1,영업/정상,11,영업,,,,,,,,인천광역시 남동구 만수동 1023-8,인천광역시 남동구 담방로47번길 2 (만수동),21594,신세기안경원,2021-05-13 08:48:33,I,2021-12-16 00:22:43,,176795.342634553,438019.197923552,기타수질오염원관리,,,,,0,,0,1221776545.0,,126.738566486126,37.4440286636374
28717,28718,수질오염원설치시설(기타),09_30_12_P,3530000,353000025202100050,2021-06-29,,1,영업/정상,11,영업,,,,,032-423-9020,,,인천광역시 남동구 논현동 650-1,인천광역시 남동구 청능대로 596 (논현동),21667,아프리카LAB안경원,2021-06-29 09:01:07,I,2021-12-16 00:22:43,,175633.883082614,433196.453155142,기타수질오염원관리,,,,,0,,0,4183200522.0,,126.725601029271,37.4005457399242
28718,28719,수질오염원설치시설(기타),09_30_12_P,3530000,353000025202100045,2021-06-28,,1,영업/정상,11,영업,,,,,,,,인천광역시 남동구 간석동 283-22,인천광역시 남동구 남동대로 893-1 (간석동),21550,안경매니아,2021-06-28 10:48:30,I,2021-12-16 00:22:43,,174092.751045207,440046.352290305,기타수질오염원관리,,,,,0,,0,1040208273.0,,126.70795503498,37.4622212776225
28719,28720,수질오염원설치시설(기타),09_30_12_P,3530000,353000025202100046,2021-06-28,,1,영업/정상,11,영업,,,,,032-467-1933,,,인천광역시 남동구 구월동 1274-7,인천광역시 남동구 구월남로 286-2 (구월동),21536,안경상회 구월점,2021-06-28 17:54:56,I,2021-12-16 00:22:43,,175269.516585224,438905.37825899,기타수질오염원관리,,,,,0,,0,7942700024.0,,126.721294373129,37.451973418452
28720,28721,수질오염원설치시설(기타),09_30_12_P,3530000,353000025202100065,2021-07-05,,1,영업/정상,11,영업,,,,,032-469-6001,,,인천광역시 남동구 서창동 705 스카이플러스,"인천광역시 남동구 서창남순환로216번길 17, 스카이플러스 206호 (서창동)",21617,글라스밤안경 서창점,2021-07-05 08:41:38,I,2021-12-16 00:22:43,,177749.373569846,435740.833962803,기타수질오염원관리,,,,,0,,0,7172200207.0,,126.749416210203,37.4235240926261
28721,28722,수질오염원설치시설(기타),09_30_12_P,3530000,353000025202100067,2021-07-05,,1,영업/정상,11,영업,,,,,032-466-0629,,,인천광역시 남동구 구월동 1526-2 SJ프라자,"인천광역시 남동구 선수촌로 37, SJ프라자 104호 (구월동)",21583,See&Eye,2021-07-05 08:41:44,I,2021-12-16 00:22:43,,174666.350614924,437871.944967455,기타수질오염원관리,,,,,0,,0,5480800094.0,,126.714513317214,37.442645912225
28722,28723,수질오염원설치시설(기타),09_30_12_P,3530000,353000025202100068,2021-07-05,,1,영업/정상,11,영업,,,,,032-433-1470,,,인천광역시 남동구 논현동 747-1 라피에스타,"인천광역시 남동구 논고개로 61, 라피에스타 310호 (논현동)",21679,트랜디카 논현점,2021-07-05 08:41:48,I,2021-12-16 00:22:43,,175793.406745266,432847.497549598,기타수질오염원관리,,,,,0,,0,1302956320.0,,126.727414128288,37.3974058283003
29086,29087,수질오염원설치시설(기타),09_30_12_P,3530000,353000025200900012,2009-05-11,,1,영업/정상,11,영업,,,,,,,,인천광역시 남동구 구월동 1222-9,인천광역시 남동구 용천로4번길 1  (구월동),,도영자동차공업사,2009-05-11 13:35:37,I,2021-12-16 00:22:43,,174651.477084713,438674.888831254,기타수질오염원관리,,,,,0,,0,,,126.714317550115,37.4498800200761
29087,29088,수질오염원설치시설(기타),09_30_12_P,3530000,353000025200900017,2009-07-17,,1,영업/정상,11,영업,,,,,0328729429,,,인천광역시 남동구 간석동 616-3 삼성데스코홈플러스 인천간석점 2층,"인천광역시 남동구 경원대로 971  (간석동,삼성데스코홈플러스 인천간석점 2층)",,하나플러스의원,2009-07-17 16:10:15,I,2021-12-16 00:22:43,,172419.743721009,440865.63488269,기타수질오염원관리,,,,,0,,0,1229038729.0,,126.688896532259,37.4694813463609
29088,29089,수질오염원설치시설(기타),09_30_12_P,3530000,353000025200800010,2008-05-14,,1,영업/정상,11,영업,,,,,0324684683,,,인천광역시 남동구 서창동 374-1,,,연세푸른의원,2008-05-14 18:11:26,I,2021-12-16 00:22:43,,,,기타수질오염원관리,,,,,0,,0,1219058926.0,,,
29089,29090,수질오염원설치시설(기타),09_30_12_P,3530000,353000025200800011,2008-05-16,,1,영업/정상,11,영업,,,,,,,,인천광역시 남동구 고잔동 523-1,,,(주)해안자동차공업사,2016-09-20 17:23:17,I,2021-12-16 00:22:43,,174355.399073075,431632.84114662,기타수질오염원관리,,,,,0,,0,,,126.711216781839,37.3864237756784
29090,29091,수질오염원설치시설(기타),09_30_12_P,3530000,353000025200300136,2003-12-05,,1,영업/정상,11,영업,,,,,032 4333500,,,"인천광역시 남동구 구월동 1456 이토타워 303, 304, 305호","인천광역시 남동구 예술로 138  (구월동,이토타워 303, 304, 305호)",,속편한내과의원,2010-07-13 09:46:32,I,2021-12-16 00:22:43,,173473.832260562,438272.102552924,기타수질오염원관리,,,,,0,,0,1319069003.0,,126.701023287431,37.4462178656378
29091,29092,수질오염원설치시설(기타),09_30_12_P,3530000,353000025200800022,2008-10-20,,1,영업/정상,11,영업,,,,,433-7171,,,인천광역시 남동구 구월동 1166-2,"인천광역시 남동구 남동대로 705, 1~3층 (구월동)",405-835,남동우리메디칼의원,2018-01-03 09:27:15,I,2021-12-16 00:22:43,,173974.904113451,438160.4061693,기타수질오염원관리,,,,,0,,0,1179963990.0,,126.706689663576,37.4452257240117
29092,29093,수질오염원설치시설(기타),09_30_12_P,3530000,353000025200800023,2008-10-29,,1,영업/정상,11,영업,,,,,,,,인천광역시 남동구 고잔동 296-1 외1필지(297-5),,,트인자동차공업사,2008-10-29 14:13:24,I,2021-12-16 00:22:43,,174501.814795832,432002.921137624,기타수질오염원관리,,,세차차량,,0,,0,,,,
29093,29094,수질오염원설치시설(기타),09_30_12_P,3530000,353000025200800024,2008-10-29,,1,영업/정상,11,영업,,,,,0324244466,,,인천광역시 남동구 간석동 939-1 래미안자이상가 1동 203호,,,간석연세이비인후과의원,2008-10-29 14:36:00,I,2021-12-16 00:22:43,,174325.457146305,439672.231031271,기타수질오염원관리,,,,,0,,0,1319158497.0,,126.710598375913,37.4588570153463
29094,29095,수질오염원설치시설(기타),09_30_12_P,3530000,353000025200800027,2008-12-15,,1,영업/정상,11,영업,,,,,4732117,,,인천광역시 남동구 간석동 203 래미안자이아파트 상가 1동 201호,,,바른성모내과,2008-12-15 09:46:05,I,2021-12-16 00:22:43,,,,기타수질오염원관리,,,,,0,,0,1319154564.0,,,
29095,29096,수질오염원설치시설(기타),09_30_12_P,3530000,353000025200300151,2003-12-05,,1,영업/정상,11,영업,,,,,0324650778,,,인천광역시 남동구 구월동 1272-9,인천광역시 남동구 호구포로 770  (구월동),,홍외과의원,2008-12-17 10:07:33,I,2021-12-16 00:22:43,,175080.476681327,438803.562354821,기타수질오염원관리,,,,,0,,0,1399603195.0,,126.719161349678,37.4510510500689
29096,29097,수질오염원설치시설(기타),09_30_12_P,3530000,353000025200800029,2008-12-17,,1,영업/정상,11,영업,,,,,0324720099,,,인천광역시 남동구 만수동 888-4,인천광역시 남동구 구월로 337 (만수동),405-862,다복의료소비자생활조합소망메디칼의원,2014-03-12 13:56:13,I,2021-12-16 00:22:43,,175888.937855022,439293.923546256,기타수질오염원관리,,,,,0,,0,1318216194.0,,126.728282031584,37.4554906568759
29097,29098,수질오염원설치시설(기타),09_30_12_P,3530000,353000025200800015,2008-07-17,,1,영업/정상,11,영업,,,,,0324658751,,,"인천광역시 남동구 만수동 910-4 4, 5층","인천광역시 남동구 구월로 308  (만수동,4, 5층)",,해찬솔의원,2009-09-30 11:30:29,I,2021-12-16 00:22:43,,175582.780381232,439276.400420895,기타수질오염원관리,,,,,0,,0,1319172432.0,,126.724822464016,37.4553247049987
29098,29099,수질오염원설치시설(기타),09_30_12_P,3530000,353000025200800016,2008-07-25,,1,영업/정상,11,영업,,,,,0324664975,,,인천광역시 남동구 구월동 1250-3,인천광역시 남동구 호구포로 872  (구월동),,세종메디컬의원,2008-07-25 13:55:07,I,2021-12-16 00:22:43,,175185.638044171,439799.395480428,기타수질오염원관리,,,,,0,,0,1069617286.0,,126.720316287957,37.4600262276257
29297,29298,수질오염원설치시설(기타),09_30_12_P,3530000,353000025202100069,2021-07-05,,1,영업/정상,11,영업,,,,,,,,인천광역시 남동구 구월동 1206,인천광역시 남동구 독점로 2 (구월동),21564,제우스안경(안경박사),2021-07-05 08:41:51,I,2021-12-16 00:22:43,,174348.796137402,438670.26477596,기타수질오염원관리,,,,,0,,0,1390112382.0,,126.710897042394,37.4498299856852
29298,29299,수질오염원설치시설(기타),09_30_12_P,3530000,353000025202100022,2021-06-10,,1,영업/정상,11,영업,,,,,032-465-9009,,,인천광역시 남동구 구월동 1533-5 로데오프라자,"인천광역시 남동구 선수촌공원로 33, 로데오프라자 103호 (구월동)",21582,밝은눈안경콘택트선수촌점,2021-06-10 08:45:53,I,2021-12-16 00:22:43,,174246.454599283,437784.415750001,기타수질오염원관리,,,,,0,,0,5196200439.0,,126.709771417734,37.441845617724
29299,29300,수질오염원설치시설(기타),09_30_12_P,3530000,353000025202100023,2021-06-10,,1,영업/정상,11,영업,,,,,032-465-3555,,,인천광역시 남동구 만수동 1040-1 부건프라자,"인천광역시 남동구 장승남로 50, 부건프라자 101호 (만수동)",21596,세모안경,2021-06-10 08:45:55,I,2021-12-16 00:22:43,,176736.165,437924.5,기타수질오염원관리,,,,,0,,0,6231701305.0,,126.737663212664,37.4432264732378
29718,29719,수질오염원설치시설(기타),09_30_12_P,3530000,353000025202100083,2021-10-06,,1,영업/정상,11,영업,,,,,032-225-1001,,,인천광역시 남동구 서창동 687-3 아페리온,"인천광역시 남동구 서창남순환로 223, 아페리온 (서창동)",21614,으뜸플러스안경 인천서창점,2021-10-06 17:37:04,I,2021-10-08 00:22:47,,177692.445011698,435885.502080795,기타수질오염원관리,,,,,0,,0,4151462132.0,,126.74876869767,37.4248261272326
30045,30046,수질오염원설치시설(기타),09_30_12_P,3530000,353000025202300002,2023-03-13,,1,영업/정상,11,영업,,,,,0324414515,,,인천광역시 남동구 논현동 671-1,"인천광역시 남동구 앵고개로 928, D.A 프라자 119호 (논현동)",21673,안경박사,2023-03-13 13:23:13,I,2023-03-15 00:41:18,,176373.246167274,433332.066819728,기타수질오염원관리,,,,,0,,0,7831601857.0,,126.733947171692,37.4017876765271
30353,30354,수질오염원설치시설(기타),09_30_12_P,3530000,353000025202300001,2023-01-26,,1,영업/정상,11,영업,,,,,032-219-1001,,,인천광역시 남동구 구월동 1264-10 한빛하이존,"인천광역시 남동구 호구포로 812, 한빛하이존 105호 (구월동)",21534,으뜸플러스안경 인천모래내시장점,2023-01-26 11:01:01,I,2023-01-28 00:40:49,,175119.816191011,439217.355145262,기타수질오염원관리,,,,,0,,0,3410802550.0,,126.71967390992,37.4555236212905
32025,32026,수질오염원설치시설(기타),09_30_12_P,3530000,353000025202200007,2022-10-14,,1,영업/정상,11,영업,,,,,,,,인천광역시 남동구 고잔동 351-2,인천광역시 남동구 고잔로 89 (고잔동),21678,예일모터스공업 주식회사,2022-10-14 17:57:46,I,2022-10-16 00:22:25,,174857.110373959,431890.201039114,기타수질오염원관리,,,,,0,,0,7998602193.0,,126.716899749055,37.388764131774
32026,32027,수질오염원설치시설(기타),09_30_12_P,3530000,353000025202200005,2022-10-14,,1,영업/정상,11,영업,,,,,,,,인천광역시 남동구 고잔동 351-2,인천광역시 남동구 고잔로 89 (고잔동),21678,예일모터스공업 주식회사,2022-10-14 17:21:34,I,2022-10-16 00:22:25,자동차 종합 수리업,174857.110373959,431890.201039114,기타수질오염원관리,자동차 종합 수리업,,,,0,,0,7998602193.0,,126.716899749055,37.388764131774
32029,32030,수질오염원설치시설(기타),09_30_12_P,3530000,353000025202200006,2022-10-14,,1,영업/정상,11,영업,,,,,,,,인천광역시 남동구 고잔동 374 유정산업,"인천광역시 남동구 앵고개로719번길 12, 경인자동차공업사 (고잔동)",21678,경인자동차공업사,2022-10-14 17:23:22,I,2022-10-16 00:22:25,,174965.599337338,431924.465973022,기타수질오염원관리,,,,,0,,0,,,126.718093372775,37.3890553998496
32053,32054,수질오염원설치시설(기타),09_30_12_P,3530000,353000025202200008,2022-11-07,,1,영업/정상,11,영업,,,,,032-471-4018,,,인천광역시 남동구 만수동 1118-1 향촌 필러스프라자,"인천광역시 남동구 만수서로 60, 향촌 필러스프라자 2층 205호 (만수동)",21524,으뜸50안경 만수점,2022-11-07 17:34:44,I,2022-11-09 00:22:24,,176281.884764634,439952.096116402,기타수질오염원관리,,,,,0,,0,,,126.732702095329,37.4614317244698
32943,32944,수질오염원설치시설(기타),09_30_12_P,3530000,353000025200600212,2006-04-07,,1,영업/정상,11,영업,,,,,,,,인천광역시 남동구 고잔동 145-3 외2필지,"인천광역시 남동구 논현고잔로135번길 22 (고잔동,외2필지)",,(주)르노코리아남동정비사업소,2024-04-29 17:39:21,U,2024-05-01 02:40:00,,174477.904673083,432672.01789898,기타수질오염원관리,,,,,0,,0,,,,
32990,32991,수질오염원설치시설(기타),09_30_12_P,3530000,353000025202200004,2022-10-14,,1,영업/정상,11,영업,,,,,,,,인천광역시 남동구 고잔동 374 유정산업,"인천광역시 남동구 앵고개로719번길 12, 1급 경인자동차공업사 (고잔동)",21678,1급 서일자동차공업사,2024-02-26 17:18:08,U,2024-02-28 02:40:00,,174965.599337338,431924.465973022,기타수질오염원관리,,,,,0,,0,3042106124.0,,126.718093372775,37.3890553998496
32996,32997,수질오염원설치시설(기타),09_30_12_P,3530000,353000025202200003,2022-08-16,,1,영업/정상,11,영업,,,,,,,,인천광역시 남동구 운연동 414 대일프로텍,"인천광역시 남동구 음실서로 54-7, 대일프로텍 (운연동)",21601,한마음모터스,2022-08-12 20:17:36,U,2022-08-14 02:40:00,자동차 종합 수리업,179094.736222943,437047.281866031,기타수질오염원관리,자동차 종합 수리업,,,,0,,0,,,126.764579091583,37.4353078292477
33138,33139,수질오염원설치시설(기타),09_30_12_P,3530000,353000025202200002,2022-07-11,,1,영업/정상,11,영업,,,,,0324285628,,,인천광역시 남동구 구월동 1394-3,"인천광역시 남동구 문화서로3번길 23, 1층 (구월동)",21567,카메라사진관,2022-07-11 14:38:14,U,2022-07-13 02:40:00,사진 촬영 및 처리업,172865.621599222,438304.629946293,기타수질오염원관리,사진 촬영 및 처리업,,,,0,,0,1922001723.0,,126.694148894632,37.4464931948176
33139,33140,수질오염원설치시설(기타),09_30_12_P,3530000,353000025202200001,2022-06-02,,1,영업/정상,11,영업,,,,,032-469-6014,,,인천광역시 남동구 운연동 385-1,"인천광역시 남동구 음실로 92-7, 1층 (운연동)",21601,원자동차정비공장,2022-06-02 09:54:28,I,2022-06-04 00:22:32,,179213.166478324,437029.526906339,기타수질오염원관리,,,,,0,,0,3031635923.0,,126.765916893369,37.4351701081418
33279,33280,수질오염원설치시설(기타),09_30_12_P,3530000,353000025202300004,2023-10-24,,1,영업/정상,11,영업,,,,,1661-7273,,,인천광역시 남동구 고잔동 218 우일기전,"인천광역시 남동구 논현고잔로128번길 52, 우일기전 (고잔동)",21677,리튬코리아(주),2023-10-24 10:16:57,I,2023-10-26 00:17:30,,174636.341747883,432297.623704655,기타수질오염원관리,,,,,0,,0,3978702733.0,,126.714377418268,37.3924233251851
33312,33313,수질오염원설치시설(기타),09_30_12_P,3530000,353000025202300005,2023-11-15,,1,영업/정상,11,영업,,,,,,,,인천광역시 남동구 고잔동 296-25,인천광역시 남동구 앵고개로 673 (고잔동),21677,테슬라코리아 유한회사,2023-11-15 14:48:29,I,2023-11-17 00:17:20,,174495.084547633,431974.621422062,기타수질오염원관리,,,,,0,,0,5248800237.0,,126.712766504153,37.3894647089959
33569,33570,수질오염원설치시설(기타),09_30_12_P,6280000,628000007200900002,2013-01-30,,1,영업/정상,1,영업,,,,,0328220563,,,인천광역시 남동구 고잔동 679번지 3호 82B-4L,인천광역시 남동구 남동서로 131 (고잔동),405-820,피아이씨,2013-01-30 18:20:51,I,2019-03-23 02:20:03,,172278.408898993,433433.871483718,기타수질오염원관리,,,,,0,,0,1370609493.0,,126.687535694494,37.40387784527
33587,33588,수질오염원설치시설(기타),09_30_12_P,6280000,628000007200400001,2009-09-16,,1,영업/정상,1,영업,,,,,0328123966,,,인천광역시 남동구 논현동   448번지,,,남동공단점 기아오토큐,2009-09-16 10:15:55,I,2019-03-23 02:20:03,,,,기타수질오염원관리,,,,,0,,0,1310820534.0,,126.695112717747,37.4095859267428
33601,33602,수질오염원설치시설(기타),09_30_12_P,6280000,628000007201000008,2010-09-15,,1,영업/정상,1,영업,,,,,,,,인천광역시 남동구 고잔동   635번지 5호,,,(주)남인천현대써비스,2010-09-20 09:14:20,I,2019-03-23 02:20:03,,,,기타수질오염원관리,,,,,0,,0,,,126.696071442863,37.4060401907594
33602,33603,수질오염원설치시설(기타),09_30_12_P,6280000,628000007201000009,2010-09-08,,1,영업/정상,1,영업,,,,,,,,인천광역시 남동구 고잔동   635번지 5호,,,(주)현대남동정비사업소(중복),2010-09-20 09:12:52,I,2019-03-23 02:20:03,,,,기타수질오염원관리,,,,,0,,0,,,126.696071442863,37.4060401907594
33603,33604,수질오염원설치시설(기타),09_30_12_P,6280000,628000007201000010,2010-09-08,,1,영업/정상,1,영업,,,,,,,,인천광역시 남동구 고잔동   635번지 5호,,,(주)현대남동정비사업소(중복),2010-09-20 09:12:29,I,2019-03-23 02:20:03,,,,기타수질오염원관리,,,,,0,,0,,,126.696071442863,37.4060401907594
33605,33606,수질오염원설치시설(기타),09_30_12_P,6280000,628000007199700001,2021-12-16,,1,영업/정상,1,영업,,,,,0328147077,,,인천광역시 남동구 논현동   423번지 2호 15B-3L,,,인천폐차사업소,2021-12-16 15:28:05,U,2021-12-18 02:40:00,,,,기타수질오염원관리,,,,,0,,0,1391261948.0,,126.69650823032,37.4158912239201
33611,33612,수질오염원설치시설(기타),09_30_12_P,6280000,628000007201100007,2023-06-26,,1,영업/정상,1,영업,,,,,0328158255,,,인천광역시 남동구 고잔동   635번지 3호 64B-5L,인천광역시 남동구 은청로 26-13 (고잔동),405-817,(주)케이지모빌리티 남동서비스센터,2023-06-26 17:37:30,U,2023-06-28 02:40:00,,173031.153442923,433775.044338686,기타수질오염원관리,,,,,0,,0,1318524676.0,,126.696071442863,37.4060401907594
33644,33645,수질오염원설치시설(기타),09_30_12_P,6280000,628000007201200007,2012-07-19,,1,영업/정상,1,영업,,,,,0328114000,,,인천광역시 남동구 고잔동  726번지 7호,인천광역시 남동구 남동동로 56 (고잔동),405-822,기전산업(주),2012-07-24 18:10:15,I,2019-03-23 02:20:03,,172896.036231302,432114.13196828,기타수질오염원관리,,,,,0,,0,1398110071.0,,126.694720506267,37.3907186790067
33646,33647,수질오염원설치시설(기타),09_30_12_P,6280000,628000007201300002,2014-02-24,,1,영업/정상,1,영업,,,,,0328150735,,,인천광역시 남동구 고잔동 662번지 13호 98B-14L,인천광역시 남동구 남동대로 248 (논현동),405-849,두리테크,2014-02-24 09:25:53,I,2019-03-23 02:20:03,,173370.163359862,433848.577208129,기타수질오염원관리,,,,,0,,0,1313541990.0,,126.704774840127,37.3984462089283
33648,33649,수질오염원설치시설(기타),09_30_12_P,6280000,628000007201100004,2015-10-21,,1,영업/정상,1,영업,,,,,,,,인천광역시 남동구 논현동   449번지,인천광역시 남동구 남동대로239번길 72-39 (논현동),405-849,남동길병원(폐),2015-10-21 15:09:57,I,2019-03-23 02:20:03,,172889.338689252,434168.460250081,기타수질오염원관리,,,,,0,,0,1318208864.0,,126.694569397888,37.40922799215
