,연번,상호,대표자,업종,소재지,연락처,데이터기준일,lat,lon
0,1,㈜그린스코,박래수,중간처분업(소각전문),인천광역시 남동구 앵고개로654번길 99,,2023-09-16,126.706286340578,37.3867926742479
1,2,㈜이알지서비스,심연규,중간처분업(소각전문),인천광역시 남동구 남동서로316번길 41,032-822-2930,2023-09-16,126.701712333377,37.415656329033
2,3,㈜씨엔에스,오순용,재활용업(종합),인천광역시 남동구 고잔로 61,032-446-0388,2023-09-16,126.717549392036,37.3915324473793
3,4,(주)미래엔텍(지점),이종탁,재활용업(종합),인천광역시 남동구 고잔로 50 (고잔동),032-423-8272,2023-09-16,126.716738663087,37.3925914588219
4,5,㈜신원골드,대표이사,재활용업(종합),인천광역시 남동구 앵고개로697번길 97 (고잔동),,2023-09-16,126.715666958782,37.3933742153889
5,6,명민산업㈜,오현숙,재활용업(종합),"인천광역시 남동구 고잔로 47-1, 47-2, 고잔동 390-10",032-433-2343,2023-09-16,,
6,7,㈜인천리사이클링,이기중,재활용업(종합),인천광역시 남동구  청능대로468번길 23 (고잔동),032-446-2578,2023-09-16,126.711254561105,37.397918535015
7,8,양일엔프라㈜,장나교,재활용업(종합),인천광역시 남동구 남동동로93번길 44 (고잔동),032-812-2089,2023-09-16,126.694128338351,37.3950518615349
8,9,㈜유원포리머,이형승,재활용업(종합),인천광역시 남동구 능허대로625번길 15 (고잔동),032-811-7943,2023-09-16,126.682181189762,37.3925184955264
9,10,(주)유진상사,양원길,재활용업(종합),인천광역시 남동구 고잔로51번길 26 (고잔동),,2023-09-16,126.718386788766,37.3917908748245
10,11,㈜현대에코텍,최동철,재활용업(종합),인천광역시 남동구  남동대로262번길 30-43 (논현동),032-818-2295,2023-09-16,126.701251693384,37.4052693280969
11,12,원일,임영기,재활용업(종합),인천광역시 남동구 함박뫼로377번길 44-19 (남촌동),032-818-0350,2023-09-16,126.707514187731,37.4136813816497
12,13,종성산업(주),종성열,재활용업(종합),인천광역시 남동구  청능대로484번길 8-18 (고잔동),032-446-2353,2023-09-16,,
13,14,㈜제이엠인터내셔날,"김우연,김경하",재활용업(종합),인천광역시 남동구 남동대로155번길 22(고잔동),032-822-8356,2023-09-16,126.693061624956,37.4003600599116
14,15,㈜엠엔에스,김존영,재활용업(종합),인천광역시 남동구 고잔로42번길 7,032-425-9742,2023-09-16,126.716354682768,37.3930179820845
15,16,진성산업사,서복용,재활용업(종합),인천광역시 남동구 승기천로 144(고잔동),032-813-4741,2023-09-16,126.686102720499,37.4044575484178
16,17,㈜세종그린텍,박경순,재활용업(종합),인천광역시 남동구 논현고잔로54번길 12-2(고잔동),032-446-6866,2023-09-16,126.711790798792,37.3873540379527
17,18,미래,김영남,재활용업(종합),인천광역시 남동구 앵고개로697번길 8(고잔동),,2023-09-16,126.715395093815,37.389174448718
18,19,애니오케이,차주만,재활용업(종합),인천광역시 남동구 청능대로534번길50-2(고잔동),032-428-6767,2023-09-16,126.719956632488,37.3979083796221
19,20,(주)엠알메탈로,고현경,재활용업(종합),인천광역시 남동구 앵고개로 719번길 84(고잔동),032-435-9323,2023-09-16,126.719105464662,37.3924535722416
20,21,신세계리사이클링,박애자,재활용업(종합),인천광역시 남동구 청능대로534번길 50-2,032-424-4933,2023-09-16,126.719956632488,37.3979083796221
21,22,㈜한청알에프,이근학,재활용업(종합),인천광역시 남동구 고잔로51번길 46-1외 3필지,,2023-09-16,,
22,23,㈜에이치에스티,신호성,재활용업(종합),인천광역시 남동구 논현고잔로54번길 84-1,032-822-9677,2023-09-16,126.716208122386,37.386481901346
23,24,씨제이금속,전태현,재활용업(종합),인천광역시 남동구 고잔로41번길 18-17,032-715-4277,2023-09-16,126.718113465338,37.3925860042014
24,25,삼덕금속㈜,강기현,재활용업(종합),인천광역시 남동구 함박뫼로318번길 43 (논현동),032-816-0284,2023-09-16,126.698281825303,37.4130828820764
25,26,나은산업,이주완,재활용업(종합),인천광역시 남동구 청능대로484번길 28-26(고잔동),032-442-0407,2023-09-16,126.713244761194,37.3974910694177
26,27,㈜디앤디산업,정지윤,재활용업(종합),인천광역시 남동구 앵고개로697번길 17-23,032-441-3233,2023-09-16,126.714420745677,37.3886821249637
27,28,제이앤지메탈,박지훈,재활용업(종합),인천광역시 남동구 청능대로534번길 50-2,032-562-4987,2023-09-16,126.719956632488,37.3979083796221
28,29,비케이리메탈㈜,배순한,재활용업(종합),인천광역시 남동구 논현고잔로 128번길 21,032-517-5205,2023-09-16,126.714768520114,37.3938150829105
29,30,청우금속,최길섭,재활용업(종합),인천광역시 남동구 논현고잔로130번길 38 (고잔동),032-822-0745,2023-09-16,126.715506838828,37.3938189338731
30,31,골드코리아,노규웅,재활용업(종합),인천광역시 남동구 청능대로534번길 36-2,032-446-5466,2023-09-16,126.719634996951,37.3981798152343
31,32,동일자원,박양철,재활용업(종합),"인천광역시 남동구 논현고잔로54번길 15-17, 2동(고잔동)",,2023-09-16,126.71272061087,37.3887074703468
32,33,㈜한국금거래소에프티씨,대표이사,재활용업(종합),인천광역시 남동구 앵고개로697번길 40-3,032-421-5427,2023-09-16,126.715353087813,37.390697341716
33,34,㈜하나리사이클링,이경근,재활용업(종합),인천광역시 남동구 고잔로73번길 5(고잔동),032-815-0991,2023-09-16,126.717356825236,37.3905773567133
34,35,(주)가보금속,조정운,재활용업(종합),인천광역시 남동구 청능대로484번길 36-20(고잔동),032-472-2888,2023-09-16,126.714037165628,37.3972692654478
35,36,신명PM,김현교,재활용업(종합),"인천광역시 남동구 승기천로 24(고잔동, 124B-19L)",,2023-09-16,126.676288832801,37.3976977836823
36,37,케이디컴퍼니,김도환,재활용업(종합),"인천광역시 남동구 고잔로 79, 에프동(고잔동)",032-425-2055,2023-09-16,126.717304514167,37.3895620524152
37,38,에스지개발,윤석환,재활용업(종합),인천광역시 남동구 논현고잔로 56 (고잔동),032-421-0497,2023-09-16,126.712522905236,37.3882289085899
38,39,(주)장원레미콘 인천공장,양희운,재활용업(종합),인천광역시 남동구 남동대로262번길 30-37(논현동),032-814-8123,2023-09-16,126.701171180282,37.4055207787793
39,40,㈜진명리싸이클,이한진,재활용업(종합),인천광역시 남동구 에코중앙로 25-14,032-446-0403,2023-09-16,126.714906522671,37.3864488567315
40,41,(주)제이엘이,박경식,재활용업(종합),인천광역시 남동구 청능대로 484번길 28-36,032-422-8476,2023-09-16,126.712965726608,37.3970691660982
41,42,㈜보광메탈 인천남동사업장,김명종,재활용업(종합),인천광역시 남동구 앵고개로697번길 72 (고잔동),032-816-7391,2023-09-16,126.715673953705,37.392030541704
42,43,오르타,이승연,재활용업(종합),인천광역시 남동구 앵고개로716번길 29,032-433-3694,2023-09-16,126.717239520862,37.3882256840747
43,44,(주)디에스씨 남동지점,박봉권,재활용업(종합),인천광역시 남동구 고잔로 89 (고잔동),,2023-09-16,126.716890819492,37.3887664530488
44,45,사단법인 한국장애인아이티고용협회 인천지점,김용일,재활용업(종합),인천광역시 남동구 고잔로 41번길 37,,2023-09-16,126.719397485973,37.3932740132198
45,46,㈜서한환경개발,김서한,재활용업(종합),인천광역시 남동구 고잔로 6,,2023-09-16,126.71504012525,37.395512897645
46,47,에스지금속(주),임형진,재활용업(종합),인천광역시 남동구 청능대로484번길 30(고잔동 139 M동),032-431-8690,2023-09-16,126.714319758885,37.3979455324344
47,48,㈜록원,김인태,재활용업(종합),인천광역시 남동구 청능대로468번길 58-20(고잔동),,2023-09-16,126.710225333163,37.3981942517787
48,49,(주)지에이치리사이클링,이예은,재활용업(종합),"인천광역시 남동구 청능대로534번길 2(고잔동 86-8, 6동)",,2023-09-16,126.719207709205,37.3993739125746
49,50,(주)에스쓰리알,서종현,재활용업(종합),인천광역시 남동구 음실서로 66,032-472-0062,2023-09-16,126.764757114864,37.4346024193585
50,51,케이비골드,김현웅외1,재활용업(종합),"인천광역시 남동구 남동대로 284 (산단 44B-10L) 나동 303,304",032-208-0072,2023-09-16,126.701747382141,37.4093524571185
51,52,(주)에이치에스티 지점,신호성,재활용업(종합),인천광역시 남동구 고잔로 54,032-822-9677,2023-09-16,126.716627104041,37.3920478766802
52,53,호미메탈,김용순,재활용업(종합),인천광역시 남동구 고잔로 63-12 (고잔동),032-422-4585,2023-09-16,126.717536018926,37.3907325801057
53,54,씨제이금속,박양철,재활용업(종합),인천광역시 남동구 논현고잔로54번길 66-2,,2023-09-16,126.715087097901,37.3868020414487
54,55,㈜에스쓰리알 남동지사,서종현,재활용업(종합),인천광역시 남동구 음실로 67,032-472-5670,2023-09-16,126.767302962694,37.4374330382865
55,56,자원순환센터,나점수,재활용업(종합),인천광역시 남동구 고잔로15번길 10,032-423-9486,2023-09-16,126.71617989782,37.3957959459162
56,57,㈜세바엔텍,이진택,재활용업(종합),인천광역시 남동구 청능대로484번길 28-14,,2023-09-16,126.713634025206,37.3978533213143
57,58,㈜탑이엔에스 제2공장,대표이사,재활용업(종합),인천광역시 남동구 청능대로534번길 36-2,,2023-09-16,126.719634996951,37.3981798152343
58,59,㈜포즈,대표이사,재활용업(종합),인천광역시 남동구 앵고개로697번길 134,,2023-09-16,126.716651808251,37.3945151075141
59,60,새명(유),배형수,재활용업(종합),인천광역시 남동구 고잔로41번길 41,,2023-09-16,126.71981838677,37.3931485081069
60,61,지엔,노정민,재활용업(종합),인천광역시 남동구 고잔로41번길 23,,2023-09-16,126.718447239081,37.3930799274242
61,62,이든산업,정주영,재활용업(종합),인천광역시 남동구 논현고잔로54번길 66-2,,2023-09-16,126.715087097901,37.3868020414487
62,63,㈜아이엠코퍼레이션,이우용,재활용업(종합),"인천광역시 남동구 고잔로51번길 32, 제2동(고잔동)",032-716-9218,2023-09-16,126.718997090776,37.3915967152771
63,64,서울화학경금속㈜,한경희,재활용업(중간),인천광역시 남동구 남동대로155번길 6 (고잔동),032-811-9481,2023-09-16,,
64,65,가온피엠씨,김기정,재활용업(중간),인천광역시 남동구 승기천로 28 (고잔동),032-813-6593,2023-09-16,126.676746135346,37.3979279833932
65,66,주영산업,이점식,재활용업(중간),인천광역시 남동구 남동서로23번길 114-1 (고잔동),032-816-3015,2023-09-16,126.676642648328,37.3972533785829
66,67,퍼펙트환경㈜,김진흥,재활용업(중간),인천광역시 남동구 논현고잔로130번길 19 (고잔동),032-441-3272,2023-09-16,,
67,68,㈜그린메탈,심재영,재활용업(중간),인천광역시 남동구 논현고잔로 142-1,032-446-1751,2023-09-16,126.7145888713,37.3952984479842
68,69,에스지금속(주),임형진,재활용업(중간),인천광역시 남동구 청능대로484번길 30(고잔동 139 M동),032-431-8690,2023-09-16,126.714319758885,37.3979455324344
69,70,㈜대경이노텍,허동욱외1인,재활용업(중간),인천광역시 남동구 음실서로 61-2 (운연동),032-467-4872,2023-09-16,126.765717319095,37.43438249672
70,71,㈜나노메탈,엄정식,재활용업(중간),인천광역시 남동구 고잔로41번길 18-11(고잔동),032-431-8221,2023-09-16,126.717909230337,37.3927832909752
71,72,(주)미래엔텍(지점),이종탁,재활용업(중간),인천광역시 남동구 고잔로 50,032-423-8272,2023-09-16,126.716738663087,37.3925914588219
72,73,넥스유지,홍용표,재활용업(중간),인천광역시 남동구 고잔로61번길 17,032-425-1485,2023-09-16,126.718158681826,37.3914578550648
73,74,제일금속,이창주,재활용업(중간),인천광역시 남동구 고잔로51번길 46-1 (고잔동),032-424-2362,2023-09-16,126.719386202074,37.3913024651881
74,75,대유피지알,박유창,재활용업(중간),인천광역시 남동구 앵고개로697번길 92 (고잔동),,2023-09-16,126.715836507611,37.3929441158267
75,76,㈜유진상사,양원길,재활용업(중간),인천광역시 남동구 고잔로51번길 26 (고잔동),032-446-5117,2023-09-16,126.718386788766,37.3917908748245
76,77,㈜에스제이바이오,김청운,재활용업(중간),인천광역시 남동구 음실로 97,032-465-6017,2023-09-16,126.76637760703,37.4348644045228
77,78,㈜인천리사이클링,이기중,재활용업(중간),인천광역시 남동구 청능대로468번길 23,032-446-2578,2023-09-16,126.711254561105,37.397918535015
78,79,㈜동명오앤에프,신익철,재활용업(중간),인천광역시 남동구 음실서로 63,032-431-9537,2023-09-16,126.765550514223,37.4342112436021
79,80,㈜이알지서비스,심연규,재활용업(중간),인천광역시 남동구 남동서로316번길 41 (남촌동),032-822-2961,2023-09-16,126.701712333377,37.415656329033
80,81,㈜한결리싸이클링인천지사,김민수,재활용업(중간),인천광역시 남동구 논현고잔로54번길 33,031-313-3241,2023-09-16,126.713669615469,37.3876954935198
81,82,㈜미래메탈,김형준,재활용업(중간),인천광역시 남동구 고잔로61번길 9 (고잔동),032-446-1238,2023-09-16,126.71773888038,37.3916533661791
82,83,세운리싸이클,송선아,재활용업(중간),인천광역시 남동구 고잔로 88-1,032-429-8613,2023-09-16,126.716055353338,37.3892040576666
83,84,건영산업,조상학,재활용업(중간),인천광역시 남동구 음실서로 29,032-469-7762,2023-09-16,126.765377630793,37.4373630077763
84,85,그린폴리,김찬기,재활용업(중간),인천광역시 남동구 음실서로 67,,2023-09-16,126.765044537548,37.4338878560678
85,86,라성금속,한상식,재활용업(중간),인천광역시 남동구 청능대로 468번길 39,032-422-5502,2023-09-16,126.711232226652,37.3970579174546
86,87,㈜씨엔에스,오용순,재활용업(중간),인천광역시 남동구 고잔로 61,032-446-0388,2023-09-16,126.717549392036,37.3915324473793
87,88,㈜케이제이텍,이강재,재활용업(중간),인천광역시 남동구 논현고잔로 54번길 49,,2023-09-16,126.714561857269,37.3875312320716
88,89,(주)세종그린텍,박경순,재활용업(중간),인천광역시 남동구 논현고잔로 54번길 12-2,032-446-6866,2023-09-16,126.711790798792,37.3873540379527
89,90,건실업,조유리,재활용업(중간),인천광역시 남동구 고잔로 51번길 6,,2023-09-16,126.717386267687,37.392119702716
90,91,㈜디앤디산업,정지윤,재활용업(중간),인천광역시 남동구 앵고개로697번길 17-23,032-441-3233,2023-09-16,126.714420745677,37.3886821249637
91,92,흥기원엔프라㈜,JINCHENGZHE,재활용업(중간),인천광역시 남동구 청능대로484번길 28-17(고잔동),032-432-6682,2023-09-16,126.713717193392,37.397395444749
92,93,정석,김종열,재활용업(중간),인천광역시 남동구 논현고잔로110번길 52(고잔동),032-425-0889,2023-09-16,126.715905617612,37.3922863573707
93,94,(주)디에이치바이오 제2공장,정양주,재활용업(중간),인천광역시 남동구 운연로 150(운연동),032-473-1588,2023-09-16,126.766657204509,37.4380487794085
94,95,(주)하나리사이클링,이경근,재활용업(중간),인천광역시 남동구 고잔로73번길 5(고잔동),032-822-0991,2023-09-16,126.717356825236,37.3905773567133
95,96,(주)주비스,김양영,재활용업(중간),인천광역시 남동구 앵고개로719번길 26,,2023-09-16,126.718190549908,37.3895511925552
96,97,천보(주),안용휘,재활용업(중간),인천광역시 남동구 앵고개로697번길 85 1층,,2023-09-16,126.71549407026,37.3926855107292
97,98,(주)금철상사,양승호,재활용업(중간),인천광역시 남동구 논현고잔로130번길 29(고잔동),032-423-8831,2023-09-16,126.715635329708,37.394482663494
98,99,메탈릭스리파이닝아시아 유한회사,"에릭리너마이라, 이사벨피에스터",재활용업(중간),인천광역시 남동구 논현고잔로54번길 69(고잔동),,2023-09-16,126.715508444703,37.387417461673
99,100,㈜엔피지엠코리아,사토시케키,재활용업(중간),인천광역시 남동구 논현고잔로54번길 84-1,032-572-6866,2023-09-16,126.716208122386,37.386481901346
100,101,㈜에스제이바이오,김청운,폐기물처리신고,인천광역시 남동구 음실로75번길 42,032-465-6017,2023-09-16,126.767080217552,37.4350732946507
101,102,㈜현대비앤디,김청운,폐기물처리신고,인천광역시 남동구 음실서로 61-2,032-465-6017,2023-09-16,126.765717319095,37.43438249672
102,103,(주)미래엔텍(지점),이종탁,폐기물처리신고,"인천광역시 남동구 고잔로 46,50",032-423-8272,2023-09-16,,
103,104,㈜에스쓰리알,서종현,폐기물처리신고,인천광역시 남동구 음실서로 66,032-472-0062,2023-09-16,126.764757114864,37.4346024193585
104,105,㈜현대에코텍,최동철,폐기물처리신고,"인천광역시 남동구 논현동 442-41,47,49",032-818-2295,2023-09-16,,
105,106,인영재활용산업,황소연,폐기물처리신고,인천광역시 남동구 고잔동 380,032-442-4438,2023-09-16,126.717547661988,37.3915420841588
106,107,기전산업㈜,"한갑수,김종원",폐기물처리신고,인천광역시 남동구 남동동로 56,032-811-4000,2023-09-16,126.695348815079,37.3907757120769
107,108,㈜인천리사이클링,이기중,폐기물처리신고,인천광역시 남동구 청능대로 468번길 23,032-446-2578,2023-09-16,126.711254561105,37.397918535015
108,109,(주)대경이노텍,"허동욱,김현주",폐기물처리신고,인천광역시 남동구 음실서로 61-2,032-467-4872,2023-09-16,126.765717319095,37.43438249672
109,110,㈜세종그린텍,박경순,폐기물처리신고,인천광역시 남동구 고잔동 524-8,032-446-6866,2023-09-16,126.711913383339,37.3871890895193
110,111,건실업,조유리,폐기물처리신고,인천광역시 남동구 고잔로 51번길 6,,2023-09-16,126.717386267687,37.392119702716
111,112,인영재활용산업,황소연,폐기물처리신고,인천광역시 남동구 고잔로 61번길 20,032-422-4438,2023-09-16,126.71814617927,37.3910571417363
112,113,건실업,조유리,폐기물처리신고,인천광역시 남동구 고잔로 51번길6,,2023-09-16,126.717386267687,37.392119702716
113,114,㈜로지스원,홍성호,폐기물처리신고,인천광역시 남동구 논현고잔로 117(고잔동),032-446-7770,2023-09-16,126.711941700252,37.394249369507
114,115,㈜에스쓰리알 남동지사,서종현,폐기물처리신고,인천광역시 남동구 음실로 67(운연동),032-472-5670,2023-09-16,126.767302962694,37.4374330382865
115,116,대진자원,임경섭,폐기물처리신고,"인천광역시 남동구 호구포로 866번길 26, 3층(구월동)",032-431-1226,2023-09-16,126.721578963843,37.45934786585
116,117,㈜에스쓰리알,서종현,폐기물처리신고,인천광역시 남동구 음실서로 66(운연동),032-472-0062,2023-09-16,126.764757114864,37.4346024193585
117,118,하나리사이클링,이경근,폐기물처리신고,인천광역시 남동구 고잔로73번길 5 (고잔동),032-822-0991,2023-09-16,126.717356825236,37.3905773567133
118,119,㈜서한상사,한상애,폐기물처리신고,인천광역시 남동구 고잔로73번길 5 (고잔동),032-421-2328,2023-09-16,126.717356825236,37.3905773567133
119,120,㈜동광유지,박수근,폐기물처리신고,인천광역시 남동구 고잔로73번길 5 (고잔동),,2023-09-16,126.717356825236,37.3905773567133
120,121,동화산업㈜고잔지점,김종석,폐기물처리신고,인천광역시 남동구 앵고개로697번길 50(고잔동),032-430-6000,2023-09-16,126.715301119519,37.391031855385
121,122,지우자원,김민경,폐기물처리신고,인천광역시 남동구 고잔로21번길 17(고잔동),,2023-09-16,126.717122710967,37.3953312068976
122,123,희망자원,고영하,폐기물처리신고,"인천광역시 남동구 호구포로 120번길 54, 1동(고잔동)",032-814-2442,2023-09-16,126.707048890065,37.3931461247391
123,124,㈜성규푸드시스템,김현주,폐기물처리신고,"인천광역시 남동구 음실서로 61-2, 2층(운연동)",032-464-0230,2023-09-16,126.765717319095,37.43438249672
124,125,케이앤에스무역,이병찬,폐기물처리신고,인천광역시 남동구 앵고개로 437,032-813-9342,2023-09-16,126.689243116784,37.3993008505444
125,126,㈜판토스,최원혁,폐기물처리신고,인천광역시 남동구 논현고잔로 117,032-446-9002,2023-09-16,126.711941700252,37.394249369507
126,127,㈜세마테크,이설화,폐기물처리신고,인천광역시 남동구 음실서로 61(운연동),032-721-4444,2023-09-16,126.765394765905,37.4346971218215
127,128,바삭한이야기,연보라,폐기물처리신고,인천광역시 남동구 음실서로 61-2,032-464-4567,2023-09-16,126.765717319095,37.43438249672
128,129,지구자원,구대용,폐기물처리신고,인천광역시 남동구 고잔로41번길 29-3(고잔동),,2023-09-16,126.718750355323,37.3934382634213
129,130,명인자원,김인호,폐기물처리신고,인천광역시 남동구 수골로 103(도림동),,2023-09-16,126.720439174282,37.4139070000619
130,131,㈜현대에코텍,"최동철,이경선",폐기물처리신고,인천광역시 남동구 남동대로262번길 30-43 (논현동),032-818-2295,2023-09-16,126.701251693384,37.4052693280969
131,132,조이코퍼레이션,김장진,폐기물처리신고,"인천광역시 남동구 논현고잔로54번길 58, 일부(고잔동)",,2023-09-16,126.714805958633,37.3870924834761
132,133,쿠킹케어,정관철,폐기물처리신고,"인천광역시 남동구 서창남순환로110, 304동 1301호",,2023-09-16,126.74660052065,37.4301376675337
133,134,지우자원,김민경,폐기물처리신고,인천광역시 남동구 고잔로21번길 17(고잔동),,2023-09-16,126.717122710967,37.3953312068976
134,135,(주)대국환경기업,박선해,폐기물처리신고,인천광역시 남동구 고잔로63-11(고잔동),,2023-09-16,126.717943788041,37.3910648584431
135,136,(주)대국환경기업,김현우,폐기물처리신고,인천광역시 남동구 고잔로63-11(고잔동),,2023-09-16,126.717943788041,37.3910648584431
136,137,(주)동호철재,한길남,폐기물처리신고,인천광역시 남동구 청능대로484번길 8-14(고잔동),032-816-5916,2023-09-16,126.713164468889,37.3985566897172
137,138,(주)동호철재,한길남,폐기물처리신고,인천광역시 남동구 청능대로484번길 8-14(고잔동),032-816-5916,2023-09-16,126.713164468889,37.3985566897172
138,139,제이에스그린(주)남동지사,김정수,폐기물처리신고,"인천광역시 남동구 고잔로51번길 6, 2층 나동",,2023-09-16,126.717386267687,37.392119702716
139,140,㈜에스쓰리알,서종현,폐기물처리신고,인천광역시 남동구 음실로 67,032-472-5670,2023-09-16,126.767302962694,37.4374330382865
140,141,우리유지,남태우,폐기물처리신고,인천광역시 남동구 담방로21번길 24,032-464-0230,2023-09-16,126.736804489918,37.4418411497001
141,142,명민산업㈜,오현숙,폐기물처리신고,인천광역시 남동구 고잔로 47-2,032-433-2343,2023-09-16,126.717770089886,37.3925157165434
142,143,정일자원,이기봉,폐기물처리신고,인천광역시 남동구 장도로 20,,2023-09-16,126.736102686931,37.4038092566239
143,144,푸른유통,김재식,폐기물처리신고,인천광역시 남동구 운연로 150 01호,,2023-09-16,126.766657204509,37.4380487794085
144,145,유진,이미영,폐기물처리신고,인천광역시 남동구 운연로 150 02호,,2023-09-16,126.766657204509,37.4380487794085
145,146,경원유지,이경미,폐기물처리신고,인천광역시 남동구 운연로 150 03호,,2023-09-16,126.766657204509,37.4380487794085
146,147,조은유지,김기선,폐기물처리신고,인천광역시 남동구 운연로 150 04호,,2023-09-16,126.766657204509,37.4380487794085
147,148,미소유통,이범희,폐기물처리신고,인천광역시 남동구 운연로 150 05호,,2023-09-16,126.766657204509,37.4380487794085
148,149,연화유통,한창영,폐기물처리신고,인천광역시 남동구 운연로 150 06호,,2023-09-16,126.766657204509,37.4380487794085
149,150,지현유통,박영석,폐기물처리신고,인천광역시 남동구 운연로 150 07호,,2023-09-16,126.766657204509,37.4380487794085
150,151,재영유지,양재영,폐기물처리신고,인천광역시 남동구 운연로 150 08호,,2023-09-16,126.766657204509,37.4380487794085
151,152,희정유지,남만우,폐기물처리신고,인천광역시 남동구 운연로 150 09호,,2023-09-16,126.766657204509,37.4380487794085
152,153,경기유지,이대건,폐기물처리신고,인천광역시 남동구 운연로 150 10호,,2023-09-16,126.766657204509,37.4380487794085
153,154,미현바이오,최춘석,폐기물처리신고,인천광역시 남동구 운연로 150 11호,,2023-09-16,126.766657204509,37.4380487794085
154,155,승리유지,이승욱,폐기물처리신고,인천광역시 남동구 운연로 150 12호,,2023-09-16,126.766657204509,37.4380487794085
155,156,태경유지,이광훈,폐기물처리신고,인천광역시 남동구 운연로 150 13호,,2023-09-16,126.766657204509,37.4380487794085
156,157,글로벌유통,장만길,폐기물처리신고,인천광역시 남동구 운연로 150 14호,,2023-09-16,126.766657204509,37.4380487794085
157,158,처음처럼,김대영,폐기물처리신고,인천광역시 남동구 고잔동 198-3외 1필지 1호,,2023-09-16,,
158,159,처음처럼,김대영,폐기물처리신고,인천광역시 남동구 고잔동 198-3외 1필지 1호,,2023-09-16,,
159,160,㈜성규푸드시스템 인천,홍성희,폐기물처리신고,인천광역시 남동구 음실서로 61-2,032-464-0230,2023-09-16,126.765717319095,37.43438249672
160,161,영화자원,김낙녀,폐기물처리신고,"인천광역시 남동구 논곡로 58, 3층",,2023-09-16,126.713188184921,37.4166011496952
161,162,소유홈,전경진,폐기물처리신고,인천광역시 남동구 논현로 45,,2023-09-16,126.71456827016,37.4034404523324
162,163,㈜나로드니,엄인영,폐기물처리신고,인천광역시 남동구 함박뫼로347번길 21,1833-7857,2023-09-16,126.702351042483,37.4145664481665
163,164,㈜미래엔텍(지점),이종탁,폐기물처리신고,인천광역시 남동구 고잔로 50,032-423-8272,2023-09-16,126.716738663087,37.3925914588219
164,165,인천남동지역자활센터,김인경,폐기물처리신고,인천광역시 남동구 만수로 12-6,032-464-4319,2023-09-16,126.730744343023,37.4580417361951
165,166,한얼교역,연규한,폐기물처리신고,인천광역시 남동구 도림북로16번길 29,,2023-09-16,126.732928599197,37.4244905534449
166,167,가을향기1,최수혁,폐기물처리신고,"인천광역시 남동구 에코중앙로 25-10, 에이동",,2023-09-16,126.714913212449,37.3862328081343
167,168,㈜인천리사이클링,이기중,폐기물처리신고,인천광역시 남동구 청능대로468번길 23,032-446-2578,2023-09-16,126.711254561105,37.397918535015
168,169,오일마트,유선범,폐기물처리신고,인천광역시 남동구 서창남순환로 124-14,,2023-09-16,126.743837754339,37.4304258039131
169,170,세광산업,이융재,폐기물처리신고,인천광역시 남동구 서창남순환로 200,,2023-09-16,126.747160563108,37.4235924522438
170,171,㈜벙글다,이재훈,폐기물처리신고,인천광역시 남동구 구월로40번길 29,032-437-3311,2023-09-16,126.694623069218,37.4560309832836
171,172,태선자원,김영식,폐기물처리신고,인천광역시 남동구 고잔로41번길 50,,2023-09-16,126.719875999356,37.3926274948405
172,173,㈜세종바이오,김남순,폐기물처리신고,인천광역시 남동구 음실로 60(운연동),,2023-09-16,126.766924198347,37.438236086311
173,174,서창바이오,김성철,폐기물처리신고,인천광역시 남동구 서창남순환로 190-15 719동 1001호,,2023-09-16,126.744960443984,37.4232096600755
174,175,㈜욱성산업,박정배,수집운반업,"인천광역시 남동구 장자북로 26, 2층(장수동)",032-463-3155,2023-09-16,126.752669887778,37.4515015561891
175,176,㈜세종인바이런먼트,박성호,수집운반업,인천광역시 남동구 고잔동 512-26,032-812-6283,2023-09-16,126.70813827444,37.3847664493403
176,177,㈜드림월드개발,이경화,수집운반업,인천광역시 남동구 논현고잔로155번길 12(고잔동 150),032-467-0070,2023-09-16,126.714716306001,37.3969246443672
177,178,㈜이알지서비스,심연규,수집운반업,인천광역시 남동구 남촌동622-10(남동공단 12블록 11로트),032-822-2961,2023-09-16,126.701351057334,37.4158327368615
178,179,㈜세명이앤지,남승린외1,수집운반업,인천광역시 남동구 고잔동 631 산업용품상가 B동 354호,032-817-0361,2023-09-16,126.693120289822,37.4065238023357
179,180,삼호환경㈜,이삼형,수집운반업,"인천광역시 남동구 하촌로 51번길3, 2층(만수동)",032-467-0142,2023-09-16,126.732643915729,37.4524695154205
180,181,(주)제일지앤아이,이정재,수집운반업,"인천광역시 남동구 담방로 105, 주공아파트단지내상가 702동 206호(만수동)",032-467-6667,2023-09-16,126.739894177193,37.450427875322
181,182,남동에너지㈜,배재현,수집운반업,인천광역시 남동구 고잔동728-7(남동공단157블로9로트),032-812-0871,2023-09-16,126.697005804869,37.3880434824677
182,183,㈜가로수환경,김장규,수집운반업,인천광역시 남동구 고잔동 630 남동공단 공구상가 A동 225,032-812-7987,2023-09-16,126.693536358955,37.4070865754912
183,184,청운환경㈜,이구호,수집운반업,인천광역시 남동구 고잔동 630-1 공단산업용품상가 A/236,032-811-6402,2023-09-16,,
184,185,대산금속,강승호,수집운반업,인천광역시 남동구 만수동 1086 창대장터상가 6동 105호,,2023-09-16,126.73609380637,37.4460604466729
185,186,해찬환경,박상현,수집운반업,"인천광역시 남동구 남동대로 903, 1층(간석동)",032-422-3324,2023-09-16,126.707934059954,37.463109530319
186,187,에스지개발㈜,윤석환,수집운반업,인천광역시 남동구 논현고잔로 56(고잔동),032-421-0497,2023-09-16,126.712522905236,37.3882289085899
187,188,㈜지앤에스환경,김금옥,수집운반업,"인천광역시 남동구 은청로4-7, B동240호(고잔동, 공구상가) 비동 240호",032-815-3187,2023-09-16,126.693401955328,37.4069464793139
188,189,이가환경,예진년,수집운반업,"인천광역시 남동구 구월로 129, 5층",032-818-7260,2023-09-16,126.704727048169,37.4569633460427
189,190,㈜드림월드개발,이경화,수집운반업,인천광역시 남동구 고잔동 150,032-467-0070,2023-09-16,126.71468371103,37.3968239219085
190,191,한단종합물류㈜,한승진,수집운반업,인천광역시 남동구 논현동 444-1 102호,032-811-2607,2023-09-16,126.700579924975,37.4072180607534
191,192,㈜일성제이에스,김정국,수집운반업,"인천광역시 남동구 매소홀로 1135(서창동) 4층(서창동, 제이알빌딩)",032-472-3207,2023-09-16,126.748886620734,37.438565403993
192,193,㈜마당쇠환경,홍성곤,수집운반업,인천광역시 남동구 고잔동 408,032-425-5658,2023-09-16,126.718390011552,37.3914727324074
193,194,이가환경,예진년,수집운반업,"인천광역시 남동구 구월로 129, 5층",032-818-7260,2023-09-16,126.704727048169,37.4569633460427
194,195,에스지개발㈜,윤석환,수집운반업,인천광역시 남동구 논현고잔로 56(고잔동),032-421-0497,2023-09-16,126.712522905236,37.3882289085899
195,196,㈜가로수환경,김장규,수집운반업,인천광역시 남동구 고잔동 630 남동공단 공구상가 에이동225,032-812-7987,2023-09-16,126.693536358955,37.4070865754912
196,197,(주)미래엔텍(지점),이종탁,수집운반업,인천광역시 남동구 고잔로 50,032-423-8272,2023-09-16,126.716738663087,37.3925914588219
197,198,㈜정화,,수집운반업,인천광역시 남동구 장아산로 134-3(서창동),032-466-7972,2023-09-16,126.749025578543,37.4388445627165
198,199,대영상사,선대영,수집운반업,인천광역시 남동구 장아산로 134-3(서창동),032-818-7260,2023-09-16,126.749025578543,37.4388445627165
199,200,㈜유진상사,양원길,수집운반업,인천광역시 남동구 고잔로51번길 26,032-446-5117,2023-09-16,126.718386788766,37.3917908748245
200,201,(주)케이환경,손민숙,수집운반업,"인천광역시 남동구 남동서로 226(논현동, 207-1호)",,2023-09-16,126.694008025848,37.4096717328946
201,202,㈜경인개발산업,우택하,수집운반업,"인천광역시 남동구 은청로 4-7 제에이동 제2층 245호(고잔동, 남동공단산업용품상가)",032-467-5100,2023-09-16,126.693401955328,37.4069464793139
202,203,㈜일성제이에스,김정국,수집운반업,"인천광역시 남동구 매소홀로 1135(서창동) 4층(서창동, 제이알빌딩)",032-472-3207,2023-09-16,126.748886620734,37.438565403993
203,204,㈜인천리사이클링,이기중,수집운반업,인천광역시 남동구 청능대로 468번길 23,032-446-2578,2023-09-16,126.711254561105,37.397918535015
204,205,부흥알씨,이정구,수집운반업,"인천광역시 남동구 하촌서로 14-1, 4호(만수동 1층)",032-425-3388,2023-09-16,126.729773985529,37.4499447527123
205,206,은성산업,서앵화,수집운반업,"인천광역시 남동구 하촌서로 14-1, 2호(만수동 1층)",032-432-1070,2023-09-16,126.729773985529,37.4499447527123
206,207,경원리사이클,신복순,수집운반업,"인천광역시 남동구 하촌서로 14-1, 3호(만수동 1층)",032-446-7751,2023-09-16,126.729773985529,37.4499447527123
207,208,세광실업,김숙량,수집운반업,"인천광역시 남동구 하촌서로 14-1, 1호(만수동 1층)",032-429-8222,2023-09-16,126.729773985529,37.4499447527123
208,209,명민산업㈜,오현숙,수집운반업,"인천광역시 남동구 고잔로 47-1, 47-2, 고잔동 390-10",032-433-2343,2023-09-16,,
209,210,명민산업㈜,오현숙,수집운반업,"인천광역시 남동구 고잔로 47-1, 47-2, 고잔동 390-10",032-433-2343,2023-09-16,,
210,211,(주)미래엔텍(지점),이종탁,수집운반업,인천광역시 남동구 고잔동 388-6,032-423-8272,2023-09-16,126.716768061954,37.3925514338682
211,212,㈜현대에코텍,최동철,수집운반업,인천광역시 남동구 남동대로 262번길 30-43,032-818-2295,2023-09-16,126.701251693384,37.4052693280969
212,213,대광,박찬익,수집운반업,인천광역시 남동구 소래로669번길 30  403호,032-465-4382,2023-09-16,126.732678843957,37.4500860599473
213,214,㈜이지엔텍,강민석,수집운반업,"인천광역시 남동구 남동대로 909, 312호 (간석동. 세연빌딩)",032-815-1881,2023-09-16,,
214,215,㈜씨엔에스,오용순,수집운반업,인천광역시 남동구 고잔로 61,032-446-0388,2023-09-16,126.717549392036,37.3915324473793
215,216,세계환경,임세혁,수집운반업,"인천광역시 남동구 은청로 4-19 제에이동 325호(고잔동, 남동공단산업용품상가)",032-812-5495,2023-09-16,126.693305107356,37.4066263671135
216,217,(주)세종그린텍,박경순,수집운반업,인천광역시 남동구 고잔로 54번길 12-2,032-446-6866,2023-09-16,126.716627104041,37.3920478766802
217,218,(주)제일지앤아이,이정재,수집운반업,"인천광역시 남동구 만수동 1005, 702상가 206호",032-467-6667,2023-09-16,,
218,219,진석산업,한윤수,수집운반업,인천광역시 남동구 인주대로857 104호(만수동),032-469-5159,2023-09-16,126.732648409789,37.4497461296807
219,220,진성,김정호,수집운반업,인천광역시 남동구 남촌로 100번길15 (203호),032-468-3767,2023-09-16,126.714519295068,37.4303333152779
220,221,에코R&C,한상국,수집운반업,"인천광역시 남동구 문화서로18번길 31, 2층(구월동, 성부빌딩)",,2023-09-16,126.697780365437,37.4468735728126
221,222,예담환경㈜,허준,수집운반업,"인천광역시 남동구 남동서로 236번길 40, 813(논현동, 예성아이라이프)",032-822-9068,2023-09-16,,
222,223,㈜이에스지,윤종보,수집운반업,인천광역시 남동구 남동대로215번길 12,032-814-5081,2023-09-16,126.696569113379,37.4049703397214
223,224,㈜도담환경,최준식,수집운반업,"인천광역시 남동구 구월로 129, 5층",032-441-9905,2023-09-16,126.704727048169,37.4569633460427
224,225,성산환경,정지홍,수집운반업,인천광역시 남동구 하촌로 59번길 15,032-461-9915,2023-09-16,126.73242258754,37.4530834137616
225,226,건영산업,조상학,수집운반업,인천광역시 남동구 음실서로 25-8,032-469-7762,2023-09-16,,
226,227,대영스텐환경,김보영,수집운반업,인천광역시 남동구 남동서로 226,,2023-09-16,126.694008025848,37.4096717328946
227,228,연학이앤씨,"신문재,이기석",수집운반업,인천광역시 남동구 백범로206번길 44,032-463-6007,2023-09-16,,
228,229,푸르움환경,윤득구,수집운반업,"인천광역시 남동구 소래로 669번길 30, 403호-2(만수동)",032-463-1818,2023-09-16,126.732678843957,37.4500860599473
229,230,에이스환경,이원우,수집운반업,인천광역시 남동구 인수북로 9-1,032-472-5300,2023-09-16,126.738554405837,37.4540921238364
230,231,(주)미래이엔디,김호중,수집운반업,"인천광역시 남동구 구월로131번길 25, 102호(간석동)",,2023-09-16,126.704778414316,37.4580424332211
231,232,건실업,조유리,수집운반업,인천광역시 남동구 고잔로 51번길6(고잔동),,2023-09-16,126.717386267687,37.392119702716
232,233,대한환경,이건호,수집운반업,인천광역시 남동구 북개동로38번길 47 지하2호(만수동),032-471-1601,2023-09-16,,
233,234,그린리싸이클,김은실,수집운반업,"인천광역시 남동구 은봉로 165번길 24 101동601호(논현동, 논현휴먼시아숲속마을)",032-208-2238,2023-09-16,126.710370836737,37.4065465946114
234,235,㈜용한,양수진,수집운반업,인천광역시 남동구 고잔로51번길 26(고잔동),032-441-5117,2023-09-16,126.718386788766,37.3917908748245
235,236,신우환경,최웅식,수집운반업,"인천광역시 남동구 경인로524번길 24, 203호(간석동)",,2023-09-16,126.697754217769,37.4600568131168
236,237,청진건설㈜,윤여홍,수집운반업,"인천광역시 남동구 인하로507번길 38, 2층(구월동, 전문건설회관)",032-431-2051,2023-09-16,126.70333311362,37.4449456015569
237,238,㈜해양산업개발,한정선,수집운반업,"인천광역시 남동구 논현로46번길 22, A동 2304호(논현동, 코아루파크)",032-422-5754,2023-09-16,126.71039968111,37.4014586180252
238,239,대성환경,박문우,수집운반업,"인천광역시 남동구 만수로 78, 102호, 103호(만수동)",032-469-1789,2023-09-16,126.736206669724,37.4620953541797
239,240,(주)종성산업,종성열,수집운반업,인천광역시 남동구 청능대로 478(고잔동),032-446-2353,2023-09-16,126.712586235487,37.398526543127
240,241,대광이앤씨,이금란,수집운반업,"인천광역시 남동구 오봉동로 25, 1층(도림동)",,2023-09-16,126.73182153401,37.4162905163529
241,242,(주)이앤에스,김후성,수집운반업,"인천광역시 남동구 서창남순환로216번길 35, 5층 501호(서창동, 청수타워)",032-213-3990,2023-09-16,126.749853064529,37.4229179135167
242,243,케이엔에스무역㈜,이병찬,수집운반업,인천광역시 남동구 앵고개로 437(고잔동),032-813-9342,2023-09-16,126.689243116784,37.3993008505444
243,244,서진환경,박경수,수집운반업,"인천광역시 남동구 인하로507번길 23-1, 702호(구월동, 뉴욕프라자)",,2023-09-16,126.702504111183,37.4444574221801
244,245,승한자원환경,김이순,수집운반업,인천광역시 남동구 남동대로262번길 30-11(논현동),032-816-5766,2023-09-16,126.701405371713,37.4065606938391
245,246,자연그린텍,김은지,수집운반업,"인천광역시 남동구 인수북로9-1, 1층(만수동)",032-472-5300,2023-09-16,126.738554405837,37.4540921238364
246,247,좋은환경,정재진,수집운반업,"인천광역시 남동구 인주대로888번길 13, 1층 108호(만수동, 신현대상가)",032-472-7225,2023-09-16,126.735786583399,37.4473006336709
247,248,(주)하나리사이클링,이경근,수집운반업,인천광역시 남동구 고잔로73번길 5 (고잔동),032-815-0991,2023-09-16,126.717356825236,37.3905773567133
248,249,장원 ENC,심문현,수집운반업,인천광역시 남동구 용천로11번길 21(구월동),032-816-6532,2023-09-16,126.712923665206,37.4504349088131
249,250,정도로지스틱㈜,이평연,수집운반업,"인천광역시 남동구 선수촌공원로17번길 1, A동 1011호(구월동, 구월테크노밸리)",032-881-4783,2023-09-16,126.709647489089,37.4402282669533
250,251,미소환경,"이회중,박성환",수집운반업,"인천광역시 남동구 인주대로 557, 4층 1호(구월동)",032-427-3396,2023-09-16,126.698794519396,37.4504791232865
251,252,세인환경,김학범,수집운반업,"인천광역시 남동구 만수서로 3번길17, 2층",032-467-7537,2023-09-16,126.726602436347,37.459829560885
252,253,대한기초㈜,한규석,수집운반업,인천광역시 남동구 인주대로 850번길 31-3 201호,032-465-9902,2023-09-16,126.73256807453,37.4475507237697
253,254,경기바이오,김채연,수집운반업,"인천광역시 남동구 논현로46번길51, 1618호(유승테라폴리스)",032-252-1339,2023-09-16,126.709573284029,37.4006119766323
254,255,태성환경,최영미,수집운반업,"인천광역시 남동구 인주대로591번길 60, 4층(구월동)",032-435-7500,2023-09-16,126.70312578134,37.4528013541672
255,256,믿음환경㈜,"김현근,김석근",수집운반업,"인천광역시 남동구 청능대로718번길 7, 106동 1803호(논현동, 소래풍림@)",032-426-8988,2023-09-16,126.73831231379,37.405861281002
256,257,(주)화성,이일재,수집운반업,"인천광역시 남동구 소래역로 28, 405호(논현동, 조은프라자)",032-578-5640,2023-09-16,126.736028960365,37.399809290276
257,258,이례환경산업,류승철,수집운반업,"인천광역시 남동구 인주대로888번길 27, 1동 122호(만수동)",,2023-09-16,126.735735138313,37.4469223640487
258,259,대한환경,이건호,수집운반업,"인천광역시 남동구 복개동로38번길 47, 지하2호(만수동)",032-471-1601,2023-09-16,126.728987019273,37.4512431096583
259,260,건영산업,조상학,수집운반업,인천광역시 남동구 음실서로 29(운연동),032-469-7762,2023-09-16,126.765377630793,37.4373630077763
260,261,더좋은환경,박경준,수집운반업,"인천광역시 남동구 인주대로 557, 4층(구월동)",,2023-09-16,126.698794519396,37.4504791232865
261,262,건영산업,조상학,수집운반업,인천광역시 남동구 음실서로 29(운연동),032-469-7762,2023-09-16,126.765377630793,37.4373630077763
262,263,가람환경,김광용,수집운반업,"인천광역시 남동구 남촌로93번길 39, 2층 205호(남촌동)",032-467-3303,2023-09-16,126.714417183852,37.4276197549822
263,264,㈜모아클린,고상수,수집운반업,"인천광역시 남동구 선수촌공원로23번길 11, 5층 1호 (구월동)",032-422-2305,2023-09-16,126.708651151065,37.4408756252013
264,265,㈜강화환경,황병희,수집운반업,"인천광역시 남동구 선수촌공원로23번길 11, 5층 2호 (구월동)",,2023-09-16,126.708651151065,37.4408756252013
265,266,경인바이오,한순희,수집운반업,"인천광역시 남동구 석정로 568, 2층 203호 [간석동, 신한빌딩)",032-252-1339,2023-09-16,126.698762963449,37.4665746710738
266,267,진솔엔비텍,문제화,수집운반업,"인천광역시 남동구 은청로 4-7, 에이동 236호(고잔동, 남동공단산업용품상가)",,2023-09-16,126.693401955328,37.4069464793139
267,268,태극환경,김기태,수집운반업,"인천광역시 남동구 매소홀로1088번길 28, 204호(서창동)",032-466-8001,2023-09-16,126.743932833502,37.4372739855895
268,269,조아자원환경,강신기,수집운반업,"인천광역시 남동구 선수촌공원로23번길 11, 5층 3호 (구월동)",,2023-09-16,126.708651151065,37.4408756252013
269,270,㈜씨엔에스,오용순,수집운반업,인천광역시 남동구 고잔로 61(고잔동),032-446-0388,2023-09-16,126.717549392036,37.3915324473793
270,271,대성ENC,김우남,수집운반업,"인천광역시 남동구 서판로4번길 11, 가도오피스텔 302호(만수동)",,2023-09-16,126.723798516588,37.460878573362
271,272,(주)한성토건,노말님,수집운반업,"인천광역시 남동구 백범로 404, 1214호(간석동, 도시에창)",032-425-8281,2023-09-16,126.70655380206,37.467709001966
272,273,우리자원,정효중,수집운반업,인천광역시 남동구 도림동 476-7,,2023-09-16,126.7231071752,37.4200729847752
273,274,광성기업,"백성배,김원숙",수집운반업,인천광역시 남동구 도림북로16번길 5-8(도림동),032-882-8895,2023-09-16,,
274,275,측천산업(주),이경화,수집운반업,"인천광역시 남동구 앵고개로697번길 50, 3층(고잔동)",032-430-6012,2023-09-16,126.715301119519,37.391031855385
275,276,측천산업(주),이경화,수집운반업,"인천광역시 남동구 앵고개로697번길 50, 3층(고잔동)",032-430-6012,2023-09-16,126.715301119519,37.391031855385
276,277,송현환경,"최윤중,채효성",수집운반업,"인천광역시 남동구 선수촌공원로23번길 11, 7층 702-49",,2023-09-16,126.708651151065,37.4408756252013
277,278,경인환경,정동훈,수집운반업,"인천광역시 남동구 백범로376, 901호(간석동, 도시타워)",,2023-09-16,126.709474786541,37.4666824929981
278,279,㈜에코앤에스,지향우,수집운반업,"인천광역시 남동구 논고개로123번길 35,  칼리오페 713-2호(논현동)",032-812-7101,2023-09-16,126.722065821029,37.4015165296659
279,280,세종영어조합법인,이춘옥,수집운반업,인천광역시 남동구 고잔동 390-12,033-631-1419,2023-09-16,126.717416687134,37.3930410679927
280,281,정인환경,조근재,수집운반업,"인천광역시 남동구 선수촌공원로23번길 11,502호(구월동, 네이처프라자)",,2023-09-16,126.708651151065,37.4408756252013
281,282,천명개발(주),전창운,수집운반업,"인천광역시 남동구 호구포로740번길 5-4, 1층 (구월동)",,2023-09-16,126.719139996974,37.4483890525381
282,283,DS환경,김영훈,수집운반업,인천광역시 남동구 만수로 75(만수동),,2023-09-16,126.735831216605,37.4622125477068
283,284,태진개발(주),황순진,수집운반업,"인천광역시 남동구 앵고개로 712, 304호(고잔동)",,2023-09-16,126.716885161313,37.3882591651039
284,285,인천자원,이철승,수집운반업,인천광역시 남동구 호구포로764번길 21-1(구월동),,2023-09-16,126.720117530019,37.4506382226472
285,286,피에스환경,이강락,수집운반업,인천광역시 남동구 문화로217번길 32,032-467-2448,2023-09-16,,
286,287,(주)남동환경,최현인,수집운반업,인천광역시 남동구 고잔로41번길 56-1(고잔동),,2023-09-16,126.720258681391,37.3923013306058
287,288,(주)케이에스에코,김옥연,수집운반업,"인천광역시 남동구 은청로 4-7, 비동 240호(고잔동)",032-815-3187,2023-09-16,126.693401955328,37.4069464793139
288,289,둥지영농조합법인,지관웅,수집운반업,"인천광역시 남동구 선수촌공원로 23번길 11, 504호(구월동, 네이쳐프라자)",,2023-09-16,126.708651151065,37.4408756252013
289,290,엘엠산업,민인자,수집운반업,인천광역시 남동구 고잔동 364-1,,2023-09-16,126.716343844465,37.3905597039402
290,291,(주)베스트환경,이지영,수집운반업,인천광역시 남동구 소래역서로 30번길 18 제일타워 503-3호,032-435-7289,2023-09-16,,
291,292,국제환경감시공사,곽동훈,수집운반업,인천광역시 남동구 소래역서로 30번길 18 제일타워 503-4호,032-435-7290,2023-09-16,,
292,293,(주)가온엔텍,최상준,수집운반업,"인천광역시 남동구 은청로 4-19, 에이동 238호",032-716-9636,2023-09-16,126.693305107356,37.4066263671135
293,294,신호ENV,최한석,수집운반업,인천광역시 남동구 청능대로484번길 28-30(고잔동),032-441-1108,2023-09-16,126.713061938159,37.3972491528686
294,295,다이야환경,백호야,수집운반업,"인천광역시 남동구 선수촌공원로1, 디동 409호 (구월동)",,2023-09-16,126.709627093852,37.4391898001828
295,296,㈜씨에스공영엔지니어링,김미화,수집운반업,"인천광역시 남동구 남동서로236번길 30, 1504호 (구월동)",032-822-7767,2023-09-16,126.695111543923,37.4095689846042
296,297,푸르움환경,윤득구,수집운반업,"인천광역시 남동구 소래로669번길 30, 403-2호 (만수동)",,2023-09-16,,
297,298,크린환경,이덕순,수집운반업,"인천광역시 남동구 미래로 17, 402-21호 (구월동)",,2023-09-16,,
298,299,(주)에이티건설,고재윤,수집운반업,"인천광역시 남동구 남동서로236번길 30, 323호 (고잔동)",,2023-09-16,126.695111543923,37.4095689846042
299,300,인천환경조합,김태인,수집운반업,"인천광역시 남동구 남촌동로 23-1,108호 (남촌동)",,2023-09-16,126.716278775263,37.4315973488876
300,301,가연건설(주),문가연,수집운반업,인천광역시 남동구 문화서로28번길 13-2(구월동),032-423-0868,2023-09-16,126.697012070092,37.4477288274695
301,302,(주)엠.제이건설,김가람,수집운반업,"인천광역시 남동구 장아산로 159, 상가동 103호(서창동)",032-467-5166,2023-09-16,126.750531916378,37.4368447087185
302,303,인천자원,이철승,수집운반업,인천광역시 남동구 호구포로764번길 21-1(구월동),,2023-09-16,126.720117530019,37.4506382226472
303,304,대박환경,최봉식,수집운반업,인천광역시 남동구 남촌동로 17(남촌동),,2023-09-16,126.716877221635,37.4319084621627
304,305,청학환경,박해숙,수집운반업,인천광역시 남동구 남촌동로 17(남촌동),,2023-09-16,126.716877221635,37.4319084621627
305,306,창조환경,윤윤희,수집운반업,"인천광역시 남동구 선수촌공원로23번길 11, 505-25호",,2023-09-16,,
306,307,다모아 유지,여인정,수집운반업,인천광역시 남동구 구월로336번길 35,,2023-09-16,126.728028970432,37.4535566866395
307,308,세계환경,임세혁,수집운반업,"인천광역시 남동구 은청로 4-19, 제에이동 325호 (고잔동)",,2023-09-16,126.693305107356,37.4066263671135
308,309,써니환경,강지삼,수집운반업,"인천광역시 남동구 미래로 17, 4층 402-7(구월동)",1599-0419,2023-09-16,126.704076922623,37.451658735739
309,310,(주)제일메디산업,고태경,수집운반업,"인천광역시 남동구 논현고잔로130번길 14, 3동 1,2층(고잔동)",,2023-09-16,126.714901953614,37.3940666088972
310,311,(주)동천산업개발,염원균,수집운반업,"인천광역시 남동구 논현로26번길 15, 403호 위스코프라자",032-426-2006,2023-09-16,126.709350286481,37.4022929087009
311,312,제이에스그린(주)남동지사,김정수,수집운반업,"인천광역시 남동구 고잔로51번길 6, 2층 나동 (고잔동)",,2023-09-16,126.717386267687,37.392119702716
312,313,현성실업,박달용,수집운반업,인천광역시 남동구 고잔로41번길 6 (고잔동),,2023-09-16,126.717391119884,37.3930531706555
313,314,(주)남동종합환경,김유건,수집운반업,인천광역시 남동구 고잔로41번길 56-1,032-438-9011,2023-09-16,126.720258681391,37.3923013306058
314,315,(주)건도산업,김제용,수집운반업,"인천광역시 남동구 미래로 17, 4층 402-236호 (구월동)",070-5088-5585,2023-09-16,126.704076922623,37.451658735739
315,316,제이디환경,박완우,수집운반업,인천광역시 남동구 만수로45번길 11 (만수동),,2023-09-16,126.732991003266,37.4606369664002
316,317,(주)뉴에이스실업,정영진,수집운반업,"인천광역시 남동구 인주대로763번길 25, 지하1호 (구월동)",,2023-09-16,126.721936470079,37.4502813009071
317,318,가람환경,김광용,수집운반업,"인천광역시 남동구 오봉로 15, 1층 (도림동)",,2023-09-16,126.728966386155,37.4170742865793
318,319,(주)케이에스에코,김옥연,수집운반업,"인천광역시 남동구 은청로 4-7, 비동 240호",032-815-3187,2023-09-16,126.693401955328,37.4069464793139
319,320,훈민정음 로지스틱스,이한규,수집운반업,인천광역시 남동구 독곡로16번길 12-14,,2023-09-16,126.74657885808,37.437266983963
320,321,퍼펙트환경(주),김진흥,수집운반업,"인천광역시 남동구 은청로 4-7, 남동공단산업용품상가 비동 241호",032-441-3272,2023-09-16,126.693401955328,37.4069464793139
321,322,㈜에스쓰리알,서종현,수집운반업,인천광역시 남동구 음실서로 66,032-472-0062,2023-09-16,126.764757114864,37.4346024193585
322,323,㈜반도물류산업,성일운,수집운반업,"인천광역시 남동구 석정로497번길 83, 2층 202호",032-422-5570,2023-09-16,126.69245738698,37.4696207731487
323,324,㈜기륭환경,이주원,수집운반업,"인천광역시 남동구 은청로 4-7, 남동공단산업용품상가 에이동 315호",032-812-8939,2023-09-16,126.693401955328,37.4069464793139
324,325,㈜상신종합개발,우달하,수집운반업,"인천광역시 남동구 석정로497번길 83, 2층",032-433-9112,2023-09-16,126.69245738698,37.4696207731487
325,326,㈜비엔제이,"한상진,장종주",수집운반업,"인천광역시 남동구 구월남로 228, 501-1호",,2023-09-16,,
326,327,㈜태진환경산업,전소현,수집운반업,"인천광역시 남동구 음실서로 37, 39",,2023-09-16,,
327,328,㈜남동메디케어,김유열,수집운반업,인천광역시 남동구 논현고잔로130번길 29,032-427-2456,2023-09-16,126.715635329708,37.394482663494
328,329,㈜기륭환경,이주원,수집운반업,"인천광역시 남동구 은청로 4-7, 남동공단산업용품상가 에이동 315호",032-812-8939,2023-09-16,126.693401955328,37.4069464793139
329,330,대한기초㈜,한규석,수집운반업,"인천광역시 남동구 인주대로850번길 31-3, 201호(만수동)",032-465-9902,2023-09-16,126.73256807453,37.4475507237697
330,331,영화자원,김낙녀,수집운반업,"인천광역시 남동구 논곡로 58, 3층(논현동)",,2023-09-16,126.713188184921,37.4166011496952
331,332,㈜향우,지향우,수집운반업,"인천광역시 남동구 청능대로 559, 701호(논현동, 논현메디컬센터)",,2023-09-16,126.721443973135,37.4009047164538
332,333,㈜엔지오기업장애인협회,김교철,수집운반업,"인천광역시 남동구 인주대로 750, 2층 (구월동)",032-882-2700,2023-09-16,126.72050283447,37.4487754833419
333,334,㈜양일엔프라,장나교,수집운반업,인천광역시 남동구 남동동로93번길 44,032-812-2089,2023-09-16,126.694128338351,37.3950518615349
334,335,㈜이지피플,지혜진,수집운반업,"인천광역시 남동구 아암대로 1223, 315호(고잔동, 성강지식산업센터)",032-817-1580,2023-09-16,126.704154679228,37.3846026564412
335,336,대동자원,심진우,수집운반업,인천광역시 남동구 고잔동 512-2번지,,2023-09-16,126.708377277984,37.3848932719487
